---CENTRO OPERACIONES
PROMPT CREANDO CENTRO OPERACIONES
insert into centro_operaciones(clave_centro_operaciones,latitud,longitud,telefono_centro_operaciones) values ('VV4SMV',31.220367,121.424624,4087921883);
insert into centro_operaciones(clave_centro_operaciones,latitud,longitud,telefono_centro_operaciones) values ('Q1TK1R',21.1078535,-101.694732,3137174118);
insert into centro_operaciones(clave_centro_operaciones,latitud,longitud,telefono_centro_operaciones) values ('OKU3TZ',29.7286909,115.9990815,9081627383);
insert into centro_operaciones(clave_centro_operaciones,latitud,longitud,telefono_centro_operaciones) values ('8VSHRS',49.799354,23.518328,7622956120);
insert into centro_operaciones(clave_centro_operaciones,latitud,longitud,telefono_centro_operaciones) values ('W36Z5B',19.4102526,-99.0073673,6462737913);
insert into centro_operaciones(clave_centro_operaciones,latitud,longitud,telefono_centro_operaciones) values ('3X0J94',4.1874673,19.8752578,1239795307);
insert into centro_operaciones(clave_centro_operaciones,latitud,longitud,telefono_centro_operaciones) values ('XDS6MQ',-2.8850378,32.2313539,6218709959);
insert into centro_operaciones(clave_centro_operaciones,latitud,longitud,telefono_centro_operaciones) values ('49W7OW',50.6638362,3.119593,7769313764);
insert into centro_operaciones(clave_centro_operaciones,latitud,longitud,telefono_centro_operaciones) values ('LY1PN5',52.1421176,93.9210651,2517277030);
insert into centro_operaciones(clave_centro_operaciones,latitud,longitud,telefono_centro_operaciones) values ('SA8HF1',42.4782102,78.3955986,7018219628);
insert into centro_operaciones(clave_centro_operaciones,latitud,longitud,telefono_centro_operaciones) values ('YYNAEY',14.5001422,121.0394028,6988858188);
insert into centro_operaciones(clave_centro_operaciones,latitud,longitud,telefono_centro_operaciones) values ('1GZ8PI',51.7386378,40.1348656,6397183096);
insert into centro_operaciones(clave_centro_operaciones,latitud,longitud,telefono_centro_operaciones) values ('384RVM',3.2572094,-77.2864879,6707096288);
insert into centro_operaciones(clave_centro_operaciones,latitud,longitud,telefono_centro_operaciones) values ('MUCSK6',7.75,-61,2519139038);
insert into centro_operaciones(clave_centro_operaciones,latitud,longitud,telefono_centro_operaciones) values ('7Z6HPG',29.0755457,-110.9610195,5589119011);
insert into centro_operaciones(clave_centro_operaciones,latitud,longitud,telefono_centro_operaciones) values ('ISX4YK',36.3688889,25.4633333,4288292106);
insert into centro_operaciones(clave_centro_operaciones,latitud,longitud,telefono_centro_operaciones) values ('1NAW50',14.540627,-91.570932,9494088520);
insert into centro_operaciones(clave_centro_operaciones,latitud,longitud,telefono_centro_operaciones) values ('MOCQFA',-23.0635314,-54.2134583,5944265121);
insert into centro_operaciones(clave_centro_operaciones,latitud,longitud,telefono_centro_operaciones) values ('WW2169',22.529403,103.93935,2142547862);
insert into centro_operaciones(clave_centro_operaciones,latitud,longitud,telefono_centro_operaciones) values ('ICPSU7',-36.8959075,174.7738874,9429502119);
insert into centro_operaciones(clave_centro_operaciones,latitud,longitud,telefono_centro_operaciones) values ('IXS8YC',40.6268947,-7.337931,3301801723);
insert into centro_operaciones(clave_centro_operaciones,latitud,longitud,telefono_centro_operaciones) values ('8X4J39',27.607731,120.558665,7713151173);
insert into centro_operaciones(clave_centro_operaciones,latitud,longitud,telefono_centro_operaciones) values ('HMP2CI',-26.0396759,27.8452537,3079712870);
insert into centro_operaciones(clave_centro_operaciones,latitud,longitud,telefono_centro_operaciones) values ('TBNKRA',58.1522102,41.5902169,1546562733);
insert into centro_operaciones(clave_centro_operaciones,latitud,longitud,telefono_centro_operaciones) values ('X92Q8Q',14.22781,121.369775,3013328537);
insert into centro_operaciones(clave_centro_operaciones,latitud,longitud,telefono_centro_operaciones) values ('SSI6YL',-4.0438672,144.0711745,3693517701);
insert into centro_operaciones(clave_centro_operaciones,latitud,longitud,telefono_centro_operaciones) values ('OQDDLX',13.264915,123.4256573,6535651797);
insert into centro_operaciones(clave_centro_operaciones,latitud,longitud,telefono_centro_operaciones) values ('3CFT32',46.4376847,16.6088342,7996628627);
insert into centro_operaciones(clave_centro_operaciones,latitud,longitud,telefono_centro_operaciones) values ('3YURG8',41.321246,19.470567,3345550847);
insert into centro_operaciones(clave_centro_operaciones,latitud,longitud,telefono_centro_operaciones) values ('XFVDO5',50.4848926,14.0286944,2281958213);
insert into centro_operaciones(clave_centro_operaciones,latitud,longitud,telefono_centro_operaciones) values ('66CIZA',-6.3323202,106.0316898,6428319001);
insert into centro_operaciones(clave_centro_operaciones,latitud,longitud,telefono_centro_operaciones) values ('0Q5HBR',15.6452543,-91.6875527,2404133604);
insert into centro_operaciones(clave_centro_operaciones,latitud,longitud,telefono_centro_operaciones) values ('PPLA64',49.5850143,81.0478592,9005599222);
insert into centro_operaciones(clave_centro_operaciones,latitud,longitud,telefono_centro_operaciones) values ('6X3A87',-3.9879753,-79.3535714,4733673823);
insert into centro_operaciones(clave_centro_operaciones,latitud,longitud,telefono_centro_operaciones) values ('TWPSVY',-8.1844859,113.6680747,7002861366);
insert into centro_operaciones(clave_centro_operaciones,latitud,longitud,telefono_centro_operaciones) values ('MFD9LH',43.153975,-77.6120835,3156212481);
insert into centro_operaciones(clave_centro_operaciones,latitud,longitud,telefono_centro_operaciones) values ('F1OSTA',25.410654,107.88645,9715499698);
insert into centro_operaciones(clave_centro_operaciones,latitud,longitud,telefono_centro_operaciones) values ('DVZW87',29.046809,110.482084,1247062272);
insert into centro_operaciones(clave_centro_operaciones,latitud,longitud,telefono_centro_operaciones) values ('5O6IBJ',36.6493964,139.8816085,7777347175);
insert into centro_operaciones(clave_centro_operaciones,latitud,longitud,telefono_centro_operaciones) values ('7H4HVM',53.806868,-9.1327273,7708413390);
insert into centro_operaciones(clave_centro_operaciones,latitud,longitud,telefono_centro_operaciones) values ('7ITR2W',-7.177049,108.4127686,5236712079);
insert into centro_operaciones(clave_centro_operaciones,latitud,longitud,telefono_centro_operaciones) values ('A10NRY',-6.235617,38.693748,6421238666);
insert into centro_operaciones(clave_centro_operaciones,latitud,longitud,telefono_centro_operaciones) values ('LJ6H71',-41.277848,174.7763921,6575724615);
insert into centro_operaciones(clave_centro_operaciones,latitud,longitud,telefono_centro_operaciones) values ('ZPFMAO',28.534704,106.864861,6829387913);
insert into centro_operaciones(clave_centro_operaciones,latitud,longitud,telefono_centro_operaciones) values ('DJORGI',50.6538116,-1.1547612,1837651159);
insert into centro_operaciones(clave_centro_operaciones,latitud,longitud,telefono_centro_operaciones) values ('SUTOP0',15.933333,44.066667,5886790257);
insert into centro_operaciones(clave_centro_operaciones,latitud,longitud,telefono_centro_operaciones) values ('QH38GA',-25.3907214,-51.4628097,4438039442);
insert into centro_operaciones(clave_centro_operaciones,latitud,longitud,telefono_centro_operaciones) values ('PJ5A2T',-6.898384,111.885002,6498043462);
insert into centro_operaciones(clave_centro_operaciones,latitud,longitud,telefono_centro_operaciones) values ('OOU3EK',46.1114451,48.0744772,8593001843);
insert into centro_operaciones(clave_centro_operaciones,latitud,longitud,telefono_centro_operaciones) values ('8WDXP4',36.4056598,58.0384692,5123043030);

--OFICINA
PROMPT CREANDO OFICINA
insert into oficina (clave_centro_operaciones,clave,numero_oficina,nombre) values('VV4SMV',53768,5635,'Reinke');
insert into oficina (clave_centro_operaciones,clave,numero_oficina,nombre) values('Q1TK1R',21661,65,'Buhler');
insert into oficina (clave_centro_operaciones,clave,numero_oficina,nombre) values('OKU3TZ',30679,8738,'Summit');
insert into oficina (clave_centro_operaciones,clave,numero_oficina,nombre) values('8VSHRS',31435,11459,'Linden');
insert into oficina (clave_centro_operaciones,clave,numero_oficina,nombre) values('W36Z5B',10611,678,'Kings');
insert into oficina (clave_centro_operaciones,clave,numero_oficina,nombre) values('3X0J94',58917,05274,'John Wall');
insert into oficina (clave_centro_operaciones,clave,numero_oficina,nombre) values('XDS6MQ',24371,20,'Jackson');
insert into oficina (clave_centro_operaciones,clave,numero_oficina,nombre) values('49W7OW',47942,908,'Tennyson');
insert into oficina (clave_centro_operaciones,clave,numero_oficina,nombre) values('LY1PN5',48017,9,'Starling');
insert into oficina (clave_centro_operaciones,clave,numero_oficina,nombre) values('SA8HF1',23309,50297,'Fallview');
insert into oficina (clave_centro_operaciones,clave,numero_oficina,nombre) values('YYNAEY',31289,37,'Lukken');
insert into oficina (clave_centro_operaciones,clave,numero_oficina,nombre) values('1GZ8PI',7354,13,'Florence');
insert into oficina (clave_centro_operaciones,clave,numero_oficina,nombre) values('384RVM',10132,4975,'Portage');
insert into oficina (clave_centro_operaciones,clave,numero_oficina,nombre) values('MUCSK6',27760,7343,'Main');
insert into oficina (clave_centro_operaciones,clave,numero_oficina,nombre) values('7Z6HPG',28120,734,'Dayton');

---FARMACIA
PROMPT CREANDO FARMACIA
insert into farmacia (clave_centro_operaciones,rfc_fiscal,url) values ('ISX4YK','SUZB0448075YKQ','http://dummyimage.com/230x100.png/5fa2dd/ffffff');
insert into farmacia (clave_centro_operaciones,rfc_fiscal,url) values ('1NAW50','BGJS3875964RAO','http://dummyimage.com/248x100.png/cc0000/ffffff');
insert into farmacia (clave_centro_operaciones,rfc_fiscal,url) values ('MOCQFA','EJNO9908837FVQ','http://dummyimage.com/208x100.png/ff4444/ffffff');
insert into farmacia (clave_centro_operaciones,rfc_fiscal,url) values ('WW2169','WJKQ5220546ACH','http://dummyimage.com/129x100.png/5fa2dd/ffffff');
insert into farmacia (clave_centro_operaciones,rfc_fiscal,url) values ('ICPSU7','RGDJ9344978CGX','http://dummyimage.com/232x100.png/dddddd/000000');
insert into farmacia (clave_centro_operaciones,rfc_fiscal,url) values ('IXS8YC','FHKI9763087FL8','http://dummyimage.com/101x100.png/dddddd/000000');
insert into farmacia (clave_centro_operaciones,rfc_fiscal,url) values ('8X4J39','RCYO6285480HYZ','http://dummyimage.com/104x100.png/5fa2dd/ffffff');
insert into farmacia (clave_centro_operaciones,rfc_fiscal,url) values ('HMP2CI','OJRL2362527SVL','http://dummyimage.com/142x100.png/5fa2dd/ffffff');
insert into farmacia (clave_centro_operaciones,rfc_fiscal,url) values ('TBNKRA','GOML7912699TYR','http://dummyimage.com/182x100.png/dddddd/000000');
insert into farmacia (clave_centro_operaciones,rfc_fiscal,url) values ('X92Q8Q','SBCF3754820DFY','http://dummyimage.com/216x100.png/dddddd/000000');
insert into farmacia (clave_centro_operaciones,rfc_fiscal,url) values ('SSI6YL','DLAH1320348SIX','http://dummyimage.com/171x100.png/cc0000/ffffff');
insert into farmacia (clave_centro_operaciones,rfc_fiscal,url) values ('OQDDLX','KKPI1251679WWG','http://dummyimage.com/209x100.png/cc0000/ffffff');
insert into farmacia (clave_centro_operaciones,rfc_fiscal,url) values ('3CFT32','LVEN6437864IB0','http://dummyimage.com/214x100.png/cc0000/ffffff');
insert into farmacia (clave_centro_operaciones,rfc_fiscal,url) values ('3YURG8','ICBZ9108556OMR','http://dummyimage.com/164x100.png/cc0000/ffffff');
insert into farmacia (clave_centro_operaciones,rfc_fiscal,url) values ('XFVDO5','PTZZ5458515REL','http://dummyimage.com/158x100.png/dddddd/000000');

--ALMACEN
PROMPT CREANDO ALMACEN
insert into almacen (clave_centro_operaciones,tipo_almacen,almacen_contigencia_id) values ('66CIZA','C',null);
insert into almacen (clave_centro_operaciones,tipo_almacen,almacen_contigencia_id) values ('0Q5HBR','M',null);
insert into almacen (clave_centro_operaciones,tipo_almacen,almacen_contigencia_id) values ('PPLA64','D',null);
insert into almacen (clave_centro_operaciones,tipo_almacen,almacen_contigencia_id) values ('6X3A87','C',null);
insert into almacen (clave_centro_operaciones,tipo_almacen,almacen_contigencia_id) values ('TWPSVY','M',null);
insert into almacen (clave_centro_operaciones,tipo_almacen,almacen_contigencia_id) values ('MFD9LH','M',null);
insert into almacen (clave_centro_operaciones,tipo_almacen,almacen_contigencia_id) values ('F1OSTA','M',null);
insert into almacen (clave_centro_operaciones,tipo_almacen,almacen_contigencia_id) values ('DVZW87','M',null);
insert into almacen (clave_centro_operaciones,tipo_almacen,almacen_contigencia_id) values ('5O6IBJ','D',null);
insert into almacen (clave_centro_operaciones,tipo_almacen,almacen_contigencia_id) values ('7H4HVM','M',null);
insert into almacen (clave_centro_operaciones,tipo_almacen,almacen_contigencia_id) values ('7ITR2W','C',null);
insert into almacen (clave_centro_operaciones,tipo_almacen,almacen_contigencia_id) values ('A10NRY','C',null);
insert into almacen (clave_centro_operaciones,tipo_almacen,almacen_contigencia_id) values ('LJ6H71','M',null);
insert into almacen (clave_centro_operaciones,tipo_almacen,almacen_contigencia_id) values ('ZPFMAO','D',null);
insert into almacen (clave_centro_operaciones,tipo_almacen,almacen_contigencia_id) values ('DJORGI','D',null);
insert into almacen (clave_centro_operaciones,tipo_almacen,almacen_contigencia_id) values ('SUTOP0','C',null);
insert into almacen (clave_centro_operaciones,tipo_almacen,almacen_contigencia_id) values ('QH38GA','C',null);
insert into almacen (clave_centro_operaciones,tipo_almacen,almacen_contigencia_id) values ('PJ5A2T','C',null);
insert into almacen (clave_centro_operaciones,tipo_almacen,almacen_contigencia_id) values ('OOU3EK','C',null);
insert into almacen (clave_centro_operaciones,tipo_almacen,almacen_contigencia_id) values ('8WDXP4','M',null);


-- tarjeta 
PROMPT CREANDO TARJETA
insert into tarjeta (numero_tarjeta,anio_expiracion,mes_expiracion) values('2776512467187991','25','8');
insert into tarjeta (numero_tarjeta,anio_expiracion,mes_expiracion) values('5878830680065951','27','5');
insert into tarjeta (numero_tarjeta,anio_expiracion,mes_expiracion) values('3096587205286629','22','12');
insert into tarjeta (numero_tarjeta,anio_expiracion,mes_expiracion) values('7141196195364089','22','3');
insert into tarjeta (numero_tarjeta,anio_expiracion,mes_expiracion) values('1079162546167852','26','9');
insert into tarjeta (numero_tarjeta,anio_expiracion,mes_expiracion) values('9929095697267319','27','4');
insert into tarjeta (numero_tarjeta,anio_expiracion,mes_expiracion) values('5818406246355970','22','5');
insert into tarjeta (numero_tarjeta,anio_expiracion,mes_expiracion) values('7744210544549193','23','6');
insert into tarjeta (numero_tarjeta,anio_expiracion,mes_expiracion) values('4758226201993329','24','1');
insert into tarjeta (numero_tarjeta,anio_expiracion,mes_expiracion) values('6568331662827668','22','8');
insert into tarjeta (numero_tarjeta,anio_expiracion,mes_expiracion) values('8036410048630010','20','1');
insert into tarjeta (numero_tarjeta,anio_expiracion,mes_expiracion) values('7834271380280140','22','2');


--CLIENTE
PROMPT CREANDO CLIENTE
insert into cliente (cliente_id,nombre,apellido_paterno,apellido_materno,curp,rfc,direccion,telefono,email,numero_tarjeta) values(cliente_seq.nextval,'Ryon','Terrett','Ciccarelli','QNQPFNOSKOSKNTTF2R','EBAFVM63I72MP','0 Arrowood Way',3319624996,'rciccarelli0@ed.gov','2776512467187991');
insert into cliente (cliente_id,nombre,apellido_paterno,apellido_materno,curp,rfc,direccion,telefono,email,numero_tarjeta) values(cliente_seq.nextval,'Lenora','Sarvar','Di Matteo','RIBI0QGO7CGIYWKJVA','QII8TH4B89AYL','0254 Iowa Hill',5403446961,'ldimatteo1@mashable.com','5878830680065951');
insert into cliente (cliente_id,nombre,apellido_paterno,apellido_materno,curp,rfc,direccion,telefono,email,numero_tarjeta) values(cliente_seq.nextval,'Mendel','Plowright','Moir','JHVJFB2C5KUONIOSUG','PETIOWVXOEC88','47 Westridge Alley',3233940585,'mmoir2@who.int','3096587205286629');
insert into cliente (cliente_id,nombre,apellido_paterno,apellido_materno,curp,rfc,direccion,telefono,email,numero_tarjeta) values(cliente_seq.nextval,'Bonnie','Extil','MacDearmaid','DIRKXY8VQMZAGKOYHE','YBB8XOSPQ9R3r','673 Southridge Center',6578869474,'bmacdearmaid3@upenn.edu','7141196195364089');
insert into cliente (cliente_id,nombre,apellido_paterno,apellido_materno,curp,rfc,direccion,telefono,email,numero_tarjeta) values(cliente_seq.nextval,'Consuelo','Krysztofiak','Kerne','VLJLTJBQMFOKPBZDXE','OCCFQAJII5GLE','024 Bellgrove Way',3852143983,'ckerne4@prweb.com','1079162546167852');
insert into cliente (cliente_id,nombre,apellido_paterno,apellido_materno,curp,rfc,direccion,telefono,email,numero_tarjeta) values(cliente_seq.nextval,'Rob','Livingstone','Bambrough','YADFKPX3MJPNIISN8G','MOBSDKK36PCZG','7253 Fulton Court',7943448313,'rbambrough5@51.la','9929095697267319');
insert into cliente (cliente_id,nombre,apellido_paterno,apellido_materno,curp,rfc,direccion,telefono,email,numero_tarjeta) values(cliente_seq.nextval,'Alexandra','Yanov','MacArthur','BLWPF0AJBXLPFNDR77','JLHVA0UKATAFU','65 Oneill Terrace',4001896137,'amacarthur6@paginegialle.it','5818406246355970');
insert into cliente (cliente_id,nombre,apellido_paterno,apellido_materno,curp,rfc,direccion,telefono,email,numero_tarjeta) values(cliente_seq.nextval,'Pembroke','Hawking','Symes','IOMTFPRKZCXXHPEDIC','VCLU11RLBSUUW','0815 Eastwood Crossing',9226528838,'psymes7@about.com','7744210544549193');
insert into cliente (cliente_id,nombre,apellido_paterno,apellido_materno,curp,rfc,direccion,telefono,email,numero_tarjeta) values(cliente_seq.nextval,'Robers','Coppock.','Gecks','WDBAFMUFQRWFPKXP4W','FDVCBTXUXL5CH','809 Farragut Road',1516448943,'rgecks8@umich.edu','4758226201993329');
insert into cliente (cliente_id,nombre,apellido_paterno,apellido_materno,curp,rfc,direccion,telefono,email,numero_tarjeta) values(cliente_seq.nextval,'Alistair','Krimmer','Chieze','TYYBHGOQRKDESGGSL1','GYMGLQNUNJY5N','4 Blackbird Trail',3151350037,'achieze9@webeden.co.uk','6568331662827668');
insert into cliente (cliente_id,nombre,apellido_paterno,apellido_materno,curp,rfc,direccion,telefono,email,numero_tarjeta) values(cliente_seq.nextval,'Maddie','Shipley','Belliveau','SNJGUKHPEEYUXCTGYR','NCR3WD9RENLCI','98761 Montana Circle',5391438508,'mbelliveaua@merriam-webster.com','8036410048630010');
insert into cliente (cliente_id,nombre,apellido_paterno,apellido_materno,curp,rfc,direccion,telefono,email,numero_tarjeta) values(cliente_seq.nextval,'Cully','Lythgoe','Lycett','POJUAYVCFYUOLGSXLB','DNZHZLVSJBBKS','8799 Gina Hill',9026268812,'clycettb@pinterest.com','7834271380280140');





--EMPLEADO
PROMPT CREANDO EMPLEADO
insert into empleado(empleado_id, nombre, apellidos, fecha_ingreso, rfc, clave_centro_operaciones ) values(empleado_seq.nextval,'Christye','Damper',to_date('09/09/2020','mm/dd/yyyy'),'RZOL513565DC8','ISX4YK');
insert into empleado(empleado_id, nombre, apellidos, fecha_ingreso, rfc, clave_centro_operaciones ) values(empleado_seq.nextval,'Annabal','Thrussell',to_date('02/17/2021','mm/dd/yyyy'),'WKXP379744780','1NAW50');
insert into empleado(empleado_id, nombre, apellidos, fecha_ingreso, rfc, clave_centro_operaciones ) values(empleado_seq.nextval,'Hank','Andreia',to_date('12/24/2019','mm/dd/yyyy'),'KIKU814882XAR','MOCQFA');
insert into empleado(empleado_id, nombre, apellidos, fecha_ingreso, rfc, clave_centro_operaciones ) values(empleado_seq.nextval,'Hashim','Thomkins',to_date('10/11/2018','mm/dd/yyyy'),'SYSO025759NIN','WW2169');
insert into empleado(empleado_id, nombre, apellidos, fecha_ingreso, rfc, clave_centro_operaciones ) values(empleado_seq.nextval,'Drew','Foucard',to_date('02/27/2019','mm/dd/yyyy'),'WHXD061496CAT','ICPSU7');
insert into empleado(empleado_id, nombre, apellidos, fecha_ingreso, rfc, clave_centro_operaciones ) values(empleado_seq.nextval,'Reider','Dovermann',to_date('02/07/2021','mm/dd/yyyy'),'NHKZ085641E3Y','IXS8YC');
insert into empleado(empleado_id, nombre, apellidos, fecha_ingreso, rfc, clave_centro_operaciones ) values(empleado_seq.nextval,'Brendin','Stelfax',to_date('02/12/2020','mm/dd/yyyy'),'GNRX270755FBA','8X4J39');
insert into empleado(empleado_id, nombre, apellidos, fecha_ingreso, rfc, clave_centro_operaciones ) values(empleado_seq.nextval,'Briney','Lantry',to_date('05/19/2021','mm/dd/yyyy'),'NCKD746031N3C','HMP2CI');
insert into empleado(empleado_id, nombre, apellidos, fecha_ingreso, rfc, clave_centro_operaciones ) values(empleado_seq.nextval,'Nichol','Doni',to_date('03/27/2021','mm/dd/yyyy'),'YZGF118246H3M','TBNKRA');
insert into empleado(empleado_id, nombre, apellidos, fecha_ingreso, rfc, clave_centro_operaciones ) values(empleado_seq.nextval,'Delmer','Draisey',to_date('03/27/2019','mm/dd/yyyy'),'WYOD227520TZA','X92Q8Q');
insert into empleado(empleado_id, nombre, apellidos, fecha_ingreso, rfc, clave_centro_operaciones ) values(empleado_seq.nextval,'Nonah','Kochlin',to_date('07/09/2019','mm/dd/yyyy'),'ELOE435689U23','SSI6YL');
insert into empleado(empleado_id, nombre, apellidos, fecha_ingreso, rfc, clave_centro_operaciones ) values(empleado_seq.nextval,'Kimberlee','Willingham',to_date('09/01/2021','mm/dd/yyyy'),'KIMI7094575F2','OQDDLX');
insert into empleado(empleado_id, nombre, apellidos, fecha_ingreso, rfc, clave_centro_operaciones ) values(empleado_seq.nextval,'Dyanna','Girardez',to_date('02/05/2019','mm/dd/yyyy'),'ZKEN352450VK1','3CFT32');
insert into empleado(empleado_id, nombre, apellidos, fecha_ingreso, rfc, clave_centro_operaciones ) values(empleado_seq.nextval,'Cathlene','Tift',to_date('09/26/2020','mm/dd/yyyy'),'BGMJ896241UTH','3YURG8');
insert into empleado(empleado_id, nombre, apellidos, fecha_ingreso, rfc, clave_centro_operaciones ) values(empleado_seq.nextval,'Kenon','Rock',to_date('07/23/2019','mm/dd/yyyy'),'MAEK7508271QX','XFVDO5');
insert into empleado(empleado_id, nombre, apellidos, fecha_ingreso, rfc, clave_centro_operaciones ) values(empleado_seq.nextval,'Lethia','Manntschke',to_date('10/29/2018','mm/dd/yyyy'),'JJVU837324YPY','ISX4YK');
insert into empleado(empleado_id, nombre, apellidos, fecha_ingreso, rfc, clave_centro_operaciones ) values(empleado_seq.nextval,'Irving','Mollison',to_date('02/16/2018','mm/dd/yyyy'),'MSPP453669S2M','1NAW50');
insert into empleado(empleado_id, nombre, apellidos, fecha_ingreso, rfc, clave_centro_operaciones ) values(empleado_seq.nextval,'Filberto','Dobrowolny',to_date('01/13/2020','mm/dd/yyyy'),'SXNZ111884Q7Q','MOCQFA');
insert into empleado(empleado_id, nombre, apellidos, fecha_ingreso, rfc, clave_centro_operaciones ) values(empleado_seq.nextval,'Belinda','Van Schafflaer',to_date('07/02/2018','mm/dd/yyyy'),'PJXK4917789W8','WW2169');
insert into empleado(empleado_id, nombre, apellidos, fecha_ingreso, rfc, clave_centro_operaciones ) values(empleado_seq.nextval,'Mandi','Crossan',to_date('06/26/2018','mm/dd/yyyy'),'RWVS075139TBP','ICPSU7');
insert into empleado(empleado_id, nombre, apellidos, fecha_ingreso, rfc, clave_centro_operaciones ) values(empleado_seq.nextval,'Faunie','Ateridge',to_date('09/26/2019','mm/dd/yyyy'),'FIQZ982179TV2','IXS8YC');
insert into empleado(empleado_id, nombre, apellidos, fecha_ingreso, rfc, clave_centro_operaciones ) values(empleado_seq.nextval,'Guinna','Piatto',to_date('07/20/2018','mm/dd/yyyy'),'KGEV160370XS6','8X4J39');
insert into empleado(empleado_id, nombre, apellidos, fecha_ingreso, rfc, clave_centro_operaciones ) values(empleado_seq.nextval,'Angy','Lorrain',to_date('08/11/2019','mm/dd/yyyy'),'BAOS166371QE5','HMP2CI');
insert into empleado(empleado_id, nombre, apellidos, fecha_ingreso, rfc, clave_centro_operaciones ) values(empleado_seq.nextval,'Helenka','Craw',to_date('10/09/2021','mm/dd/yyyy'),'ZIQN117541C9B','TBNKRA');
insert into empleado(empleado_id, nombre, apellidos, fecha_ingreso, rfc, clave_centro_operaciones ) values(empleado_seq.nextval,'Belva','Lidell',to_date('10/10/2018','mm/dd/yyyy'),'HESG275253SF5','X92Q8Q');
insert into empleado(empleado_id, nombre, apellidos, fecha_ingreso, rfc, clave_centro_operaciones ) values(empleado_seq.nextval,'Livvie','Beat',to_date('01/19/2019','mm/dd/yyyy'),'PANQ132637U2U','SSI6YL');
insert into empleado(empleado_id, nombre, apellidos, fecha_ingreso, rfc, clave_centro_operaciones ) values(empleado_seq.nextval,'Coletta','Godlonton',to_date('10/24/2018','mm/dd/yyyy'),'YMMW5663463VO','OQDDLX');
insert into empleado(empleado_id, nombre, apellidos, fecha_ingreso, rfc, clave_centro_operaciones ) values(empleado_seq.nextval,'Stavros','Stitch',to_date('04/27/2020','mm/dd/yyyy'),'ISON4454451EH','3CFT32');
insert into empleado(empleado_id, nombre, apellidos, fecha_ingreso, rfc, clave_centro_operaciones ) values(empleado_seq.nextval,'Gaby','Eckert',to_date('05/05/2020','mm/dd/yyyy'),'JUSA2732797UF','3YURG8');
insert into empleado(empleado_id, nombre, apellidos, fecha_ingreso, rfc, clave_centro_operaciones ) values(empleado_seq.nextval,'Leena','Michele',to_date('05/11/2019','mm/dd/yyyy'),'VPLM272485UG4','XFVDO5');
insert into empleado(empleado_id, nombre, apellidos, fecha_ingreso, rfc, clave_centro_operaciones ) values(empleado_seq.nextval,'Sanderson','Longman',to_date('07/21/2021','mm/dd/yyyy'),'RYKG190934O2I','ISX4YK');
insert into empleado(empleado_id, nombre, apellidos, fecha_ingreso, rfc, clave_centro_operaciones ) values(empleado_seq.nextval,'Petronia','Dongall',to_date('12/02/2018','mm/dd/yyyy'),'QCUB002726F5S','1NAW50');
insert into empleado(empleado_id, nombre, apellidos, fecha_ingreso, rfc, clave_centro_operaciones ) values(empleado_seq.nextval,'Wyn','Barthod',to_date('12/15/2021','mm/dd/yyyy'),'EEQT143046LWT','MOCQFA');
insert into empleado(empleado_id, nombre, apellidos, fecha_ingreso, rfc, clave_centro_operaciones ) values(empleado_seq.nextval,'Abbott','Marikhin',to_date('12/04/2021','mm/dd/yyyy'),'RXRT037744X82','WW2169');
insert into empleado(empleado_id, nombre, apellidos, fecha_ingreso, rfc, clave_centro_operaciones ) values(empleado_seq.nextval,'Goldina','Clausner',to_date('02/09/2018','mm/dd/yyyy'),'DHHG32086519K','ICPSU7');
insert into empleado(empleado_id, nombre, apellidos, fecha_ingreso, rfc, clave_centro_operaciones ) values(empleado_seq.nextval,'Sheffy','Baine',to_date('10/18/2020','mm/dd/yyyy'),'WGMJ671195RC4','IXS8YC');
insert into empleado(empleado_id, nombre, apellidos, fecha_ingreso, rfc, clave_centro_operaciones ) values(empleado_seq.nextval,'Aida','Ingleby',to_date('05/10/2021','mm/dd/yyyy'),'DOTL0479392IS','8X4J39');
insert into empleado(empleado_id, nombre, apellidos, fecha_ingreso, rfc, clave_centro_operaciones ) values(empleado_seq.nextval,'Letta','Florentine',to_date('11/13/2020','mm/dd/yyyy'),'DEJM739775GKW','HMP2CI');
insert into empleado(empleado_id, nombre, apellidos, fecha_ingreso, rfc, clave_centro_operaciones ) values(empleado_seq.nextval,'Mariam','Kelloch',to_date('04/14/2021','mm/dd/yyyy'),'ESCP446933LKF','TBNKRA');
insert into empleado(empleado_id, nombre, apellidos, fecha_ingreso, rfc, clave_centro_operaciones ) values(empleado_seq.nextval,'Wally','Ibel',to_date('04/02/2019','mm/dd/yyyy'),'DWCW39459743Z','X92Q8Q');
insert into empleado(empleado_id, nombre, apellidos, fecha_ingreso, rfc, clave_centro_operaciones ) values(empleado_seq.nextval,'Isiahi','Bartlomieczak',to_date('02/07/2019','mm/dd/yyyy'),'KZKF159135FQY','SSI6YL');
insert into empleado(empleado_id, nombre, apellidos, fecha_ingreso, rfc, clave_centro_operaciones ) values(empleado_seq.nextval,'Celia','Flinn',to_date('02/26/2018','mm/dd/yyyy'),'VKYN762030B38','OQDDLX');
insert into empleado(empleado_id, nombre, apellidos, fecha_ingreso, rfc, clave_centro_operaciones ) values(empleado_seq.nextval,'Zara','Longhi',to_date('11/20/2018','mm/dd/yyyy'),'XNZU722442BFD','3CFT32');
insert into empleado(empleado_id, nombre, apellidos, fecha_ingreso, rfc, clave_centro_operaciones ) values(empleado_seq.nextval,'Francene','Theaker',to_date('07/12/2021','mm/dd/yyyy'),'NYET341296IG9','3YURG8');
insert into empleado(empleado_id, nombre, apellidos, fecha_ingreso, rfc, clave_centro_operaciones ) values(empleado_seq.nextval,'Val','Raeburn',to_date('05/09/2020','mm/dd/yyyy'),'OLDW339311UOW','XFVDO5');
insert into empleado(empleado_id, nombre, apellidos, fecha_ingreso, rfc, clave_centro_operaciones ) values(empleado_seq.nextval,'Morna','Crump',to_date('08/15/2019','mm/dd/yyyy'),'BFXH890710HE6','ISX4YK');
insert into empleado(empleado_id, nombre, apellidos, fecha_ingreso, rfc, clave_centro_operaciones ) values(empleado_seq.nextval,'Montague','Pouck',to_date('11/26/2020','mm/dd/yyyy'),'XPJD437520P7M','1NAW50');
insert into empleado(empleado_id, nombre, apellidos, fecha_ingreso, rfc, clave_centro_operaciones ) values(empleado_seq.nextval,'Sigvard','Deyenhardt',to_date('06/30/2019','mm/dd/yyyy'),'IJGY9141551X1','MOCQFA');
insert into empleado(empleado_id, nombre, apellidos, fecha_ingreso, rfc, clave_centro_operaciones ) values(empleado_seq.nextval,'Newton','Busfield',to_date('11/04/2019','mm/dd/yyyy'),'ZCAL4060620Z7','WW2169');
insert into empleado(empleado_id, nombre, apellidos, fecha_ingreso, rfc, clave_centro_operaciones ) values(empleado_seq.nextval,'Orsa','Slainey',to_date('06/01/2019','mm/dd/yyyy'),'YXDT278729MLZ','ICPSU7');
insert into empleado(empleado_id, nombre, apellidos, fecha_ingreso, rfc, clave_centro_operaciones ) values(empleado_seq.nextval,'Erin','Surr',to_date('11/22/2019','mm/dd/yyyy'),'WRPI842620XRS','IXS8YC');
insert into empleado(empleado_id, nombre, apellidos, fecha_ingreso, rfc, clave_centro_operaciones ) values(empleado_seq.nextval,'Peggi','Hassur',to_date('02/07/2019','mm/dd/yyyy'),'RJDI770175IUJ','8X4J39');
insert into empleado(empleado_id, nombre, apellidos, fecha_ingreso, rfc, clave_centro_operaciones ) values(empleado_seq.nextval,'Tabatha','Edlyne',to_date('10/16/2020','mm/dd/yyyy'),'FJFM1348457FK','HMP2CI');
insert into empleado(empleado_id, nombre, apellidos, fecha_ingreso, rfc, clave_centro_operaciones ) values(empleado_seq.nextval,'Ludovico','Jelk',to_date('08/29/2021','mm/dd/yyyy'),'SRBU052418M03','TBNKRA');
insert into empleado(empleado_id, nombre, apellidos, fecha_ingreso, rfc, clave_centro_operaciones ) values(empleado_seq.nextval,'Mozelle','St. Quentin',to_date('02/19/2021','mm/dd/yyyy'),'ZBFV7463672PM','X92Q8Q');
insert into empleado(empleado_id, nombre, apellidos, fecha_ingreso, rfc, clave_centro_operaciones ) values(empleado_seq.nextval,'Marisa','Blaik',to_date('10/19/2021','mm/dd/yyyy'),'MFPQ368424ZNY','SSI6YL');
insert into empleado(empleado_id, nombre, apellidos, fecha_ingreso, rfc, clave_centro_operaciones ) values(empleado_seq.nextval,'Derrek','Libermore',to_date('03/01/2021','mm/dd/yyyy'),'GVVU625999BS6','OQDDLX');
insert into empleado(empleado_id, nombre, apellidos, fecha_ingreso, rfc, clave_centro_operaciones ) values(empleado_seq.nextval,'Katuscha','Michele',to_date('12/24/2019','mm/dd/yyyy'),'JWIJ957169ABQ','3CFT32');
insert into empleado(empleado_id, nombre, apellidos, fecha_ingreso, rfc, clave_centro_operaciones ) values(empleado_seq.nextval,'Huntington','Waby',to_date('04/10/2020','mm/dd/yyyy'),'UYOU63780388Z','3YURG8');
insert into empleado(empleado_id, nombre, apellidos, fecha_ingreso, rfc, clave_centro_operaciones ) values(empleado_seq.nextval,'Jannelle','Goodbur',to_date('05/01/2018','mm/dd/yyyy'),'FEHV7955355MV','XFVDO5');

--STATUS_PEDIDO
PROMPT CREANDO STATUS PEDIDO
insert into status_pedido(status_pedido_id, clave, descripcion) values(1,'CAP','CAPTURADO');
insert into status_pedido(status_pedido_id, clave, descripcion) values(2,'TRT','EN TRANSITO');
insert into status_pedido(status_pedido_id, clave, descripcion) values(3,'ETG','ENTREGADO');
insert into status_pedido(status_pedido_id, clave, descripcion) values(4,'DVT','DEVUELTO');
insert into status_pedido(status_pedido_id, clave, descripcion) values(5,'CLD','CANCELADO');

--PRESENTACION
PROMPT CREANDO PRESENTACION
insert into presentacion(presentacion_id, clave, unidades) values(1,'XS',1);
insert into presentacion(presentacion_id, clave, unidades) values(2,'S',5);
insert into presentacion(presentacion_id, clave, unidades) values(3,'M',10);
insert into presentacion(presentacion_id, clave, unidades) values(4,'G',20);
insert into presentacion(presentacion_id, clave, unidades) values(5,'XG',30);

--UBICACION ACTUAL
PROMPT CREANDO UBICACION ACTUAL
insert into ubicacion_actual(ubicacion_actual_id, latitud, longitud) values (ubicacion_actual_seq.nextval,4.9227114,97.7240183);
insert into ubicacion_actual(ubicacion_actual_id, latitud, longitud) values (ubicacion_actual_seq.nextval,43.357629,52.8434912);
insert into ubicacion_actual(ubicacion_actual_id, latitud, longitud) values (ubicacion_actual_seq.nextval,27.392669,87.2120599);
insert into ubicacion_actual(ubicacion_actual_id, latitud, longitud) values (ubicacion_actual_seq.nextval,29.724692,113.900628);
insert into ubicacion_actual(ubicacion_actual_id, latitud, longitud) values (ubicacion_actual_seq.nextval,31.685608,35.120362);
insert into ubicacion_actual(ubicacion_actual_id, latitud, longitud) values (ubicacion_actual_seq.nextval,18.4816259,96.4370254);
insert into ubicacion_actual(ubicacion_actual_id, latitud, longitud) values (ubicacion_actual_seq.nextval,38.889471,-77.0578855);
insert into ubicacion_actual(ubicacion_actual_id, latitud, longitud) values (ubicacion_actual_seq.nextval,-7.5273,110.336609);
insert into ubicacion_actual(ubicacion_actual_id, latitud, longitud) values (ubicacion_actual_seq.nextval,55.5700317,37.9617087);
insert into ubicacion_actual(ubicacion_actual_id, latitud, longitud) values (ubicacion_actual_seq.nextval,45.8272842,20.4615173);
insert into ubicacion_actual(ubicacion_actual_id, latitud, longitud) values (ubicacion_actual_seq.nextval,6.6753696,124.5444219);
insert into ubicacion_actual(ubicacion_actual_id, latitud, longitud) values (ubicacion_actual_seq.nextval,11.5820122,122.755829);
insert into ubicacion_actual(ubicacion_actual_id, latitud, longitud) values (ubicacion_actual_seq.nextval,48.39302,-77.23951);
insert into ubicacion_actual(ubicacion_actual_id, latitud, longitud) values (ubicacion_actual_seq.nextval,44.6757957,20.4004819);
insert into ubicacion_actual(ubicacion_actual_id, latitud, longitud) values (ubicacion_actual_seq.nextval,44.019172,18.1535702);
insert into ubicacion_actual(ubicacion_actual_id, latitud, longitud) values (ubicacion_actual_seq.nextval,-23.0939881,-45.6964547);
insert into ubicacion_actual(ubicacion_actual_id, latitud, longitud) values (ubicacion_actual_seq.nextval,19.4281922,-99.1789859);
insert into ubicacion_actual(ubicacion_actual_id, latitud, longitud) values (ubicacion_actual_seq.nextval,-5.98978,-37.9466737);
insert into ubicacion_actual(ubicacion_actual_id, latitud, longitud) values (ubicacion_actual_seq.nextval,53.055718,31.9997887);
insert into ubicacion_actual(ubicacion_actual_id, latitud, longitud) values (ubicacion_actual_seq.nextval,-19.8446577,-43.9551381);
insert into ubicacion_actual(ubicacion_actual_id, latitud, longitud) values (ubicacion_actual_seq.nextval,-6.7905128,111.9671537);
insert into ubicacion_actual(ubicacion_actual_id, latitud, longitud) values (ubicacion_actual_seq.nextval,15.9009759,5.8063797);
insert into ubicacion_actual(ubicacion_actual_id, latitud, longitud) values (ubicacion_actual_seq.nextval,9.8247812,-68.4397551);
insert into ubicacion_actual(ubicacion_actual_id, latitud, longitud) values (ubicacion_actual_seq.nextval,63.827461,20.2599325);
insert into ubicacion_actual(ubicacion_actual_id, latitud, longitud) values (ubicacion_actual_seq.nextval,21.941555,111.426122);
insert into ubicacion_actual(ubicacion_actual_id, latitud, longitud) values (ubicacion_actual_seq.nextval,-11.06612,-76.158401);
insert into ubicacion_actual(ubicacion_actual_id, latitud, longitud) values (ubicacion_actual_seq.nextval,44.7735327,65.5544515);
insert into ubicacion_actual(ubicacion_actual_id, latitud, longitud) values (ubicacion_actual_seq.nextval,27.141681,105.613174);
insert into ubicacion_actual(ubicacion_actual_id, latitud, longitud) values (ubicacion_actual_seq.nextval,47.198811,101.7519);
insert into ubicacion_actual(ubicacion_actual_id, latitud, longitud) values (ubicacion_actual_seq.nextval,30.979545,101.125237);
insert into ubicacion_actual(ubicacion_actual_id, latitud, longitud) values (ubicacion_actual_seq.nextval,-6.3931266,105.896559);
insert into ubicacion_actual(ubicacion_actual_id, latitud, longitud) values (ubicacion_actual_seq.nextval,29.731101,116.251947);
insert into ubicacion_actual(ubicacion_actual_id, latitud, longitud) values (ubicacion_actual_seq.nextval,-6.6211529,106.794275);
insert into ubicacion_actual(ubicacion_actual_id, latitud, longitud) values (ubicacion_actual_seq.nextval,14.6199611,100.7323332);
insert into ubicacion_actual(ubicacion_actual_id, latitud, longitud) values (ubicacion_actual_seq.nextval,23.127149,109.452662);
insert into ubicacion_actual(ubicacion_actual_id, latitud, longitud) values (ubicacion_actual_seq.nextval,40.1430734,-8.7570417);
insert into ubicacion_actual(ubicacion_actual_id, latitud, longitud) values (ubicacion_actual_seq.nextval,13.9300945,120.9522977);
insert into ubicacion_actual(ubicacion_actual_id, latitud, longitud) values (ubicacion_actual_seq.nextval,60.5381467,15.427113);
insert into ubicacion_actual(ubicacion_actual_id, latitud, longitud) values (ubicacion_actual_seq.nextval,34.819583,32.4608775);
insert into ubicacion_actual(ubicacion_actual_id, latitud, longitud) values (ubicacion_actual_seq.nextval,6.4864,-72.43286);
insert into ubicacion_actual(ubicacion_actual_id, latitud, longitud) values (ubicacion_actual_seq.nextval,56.0297222,37.1691666);
insert into ubicacion_actual(ubicacion_actual_id, latitud, longitud) values (ubicacion_actual_seq.nextval,4.974252,-74.291386);
insert into ubicacion_actual(ubicacion_actual_id, latitud, longitud) values (ubicacion_actual_seq.nextval,23.7077947,120.5409089);
insert into ubicacion_actual(ubicacion_actual_id, latitud, longitud) values (ubicacion_actual_seq.nextval,49.3696768,22.4212003);
insert into ubicacion_actual(ubicacion_actual_id, latitud, longitud) values (ubicacion_actual_seq.nextval,6.1324209,100.310501);
insert into ubicacion_actual(ubicacion_actual_id, latitud, longitud) values (ubicacion_actual_seq.nextval,50.3473476,15.9014886);
insert into ubicacion_actual(ubicacion_actual_id, latitud, longitud) values (ubicacion_actual_seq.nextval,6.4361438,122.0324423);
insert into ubicacion_actual(ubicacion_actual_id, latitud, longitud) values (ubicacion_actual_seq.nextval,48.9957904,29.4397153);
insert into ubicacion_actual(ubicacion_actual_id, latitud, longitud) values (ubicacion_actual_seq.nextval,-7.2284727,-39.3121233);
insert into ubicacion_actual(ubicacion_actual_id, latitud, longitud) values (ubicacion_actual_seq.nextval,8.6663907,-77.420826);
insert into ubicacion_actual(ubicacion_actual_id, latitud, longitud) values (ubicacion_actual_seq.nextval,-7.504714,112.358062);
insert into ubicacion_actual(ubicacion_actual_id, latitud, longitud) values (ubicacion_actual_seq.nextval,38.020906,23.9325441);
insert into ubicacion_actual(ubicacion_actual_id, latitud, longitud) values (ubicacion_actual_seq.nextval,-6.70377,107.9087438);
insert into ubicacion_actual(ubicacion_actual_id, latitud, longitud) values (ubicacion_actual_seq.nextval,8.9806034,38.7577605);
insert into ubicacion_actual(ubicacion_actual_id, latitud, longitud) values (ubicacion_actual_seq.nextval,-7.2528931,108.1886249);
insert into ubicacion_actual(ubicacion_actual_id, latitud, longitud) values (ubicacion_actual_seq.nextval,-6.6605307,110.6757556);
insert into ubicacion_actual(ubicacion_actual_id, latitud, longitud) values (ubicacion_actual_seq.nextval,24.018269,114.987268);
insert into ubicacion_actual(ubicacion_actual_id, latitud, longitud) values (ubicacion_actual_seq.nextval,38.453095,114.600138);
insert into ubicacion_actual(ubicacion_actual_id, latitud, longitud) values (ubicacion_actual_seq.nextval,52.6053795,39.5788904);
insert into ubicacion_actual(ubicacion_actual_id, latitud, longitud) values (ubicacion_actual_seq.nextval,-6.2568393,106.855853);
insert into ubicacion_actual(ubicacion_actual_id, latitud, longitud) values (ubicacion_actual_seq.nextval,4.272793,-74.416014);
insert into ubicacion_actual(ubicacion_actual_id, latitud, longitud) values (ubicacion_actual_seq.nextval,45.9926615,19.1266138);
insert into ubicacion_actual(ubicacion_actual_id, latitud, longitud) values (ubicacion_actual_seq.nextval,18.4816259,96.4370254);
insert into ubicacion_actual(ubicacion_actual_id, latitud, longitud) values (ubicacion_actual_seq.nextval,42.968044,129.84371);
insert into ubicacion_actual(ubicacion_actual_id, latitud, longitud) values (ubicacion_actual_seq.nextval,39.2122525,-8.2869478);
insert into ubicacion_actual(ubicacion_actual_id, latitud, longitud) values (ubicacion_actual_seq.nextval,29.484185,105.594779);
insert into ubicacion_actual(ubicacion_actual_id, latitud, longitud) values (ubicacion_actual_seq.nextval,55.5772494,39.526478);
insert into ubicacion_actual(ubicacion_actual_id, latitud, longitud) values (ubicacion_actual_seq.nextval,36.6287219,140.6618666);
insert into ubicacion_actual(ubicacion_actual_id, latitud, longitud) values (ubicacion_actual_seq.nextval,56.290878,26.721958);
insert into ubicacion_actual(ubicacion_actual_id, latitud, longitud) values (ubicacion_actual_seq.nextval,-27.4561199,-53.9288773);
insert into ubicacion_actual(ubicacion_actual_id, latitud, longitud) values (ubicacion_actual_seq.nextval,-33.3822982,-56.5275506);
insert into ubicacion_actual(ubicacion_actual_id, latitud, longitud) values (ubicacion_actual_seq.nextval,43.8231125,41.9106435);
insert into ubicacion_actual(ubicacion_actual_id, latitud, longitud) values (ubicacion_actual_seq.nextval,61.00862,14.57173);
insert into ubicacion_actual(ubicacion_actual_id, latitud, longitud) values (ubicacion_actual_seq.nextval,29.328818,85.232941);
insert into ubicacion_actual(ubicacion_actual_id, latitud, longitud) values (ubicacion_actual_seq.nextval,39.8595809,-8.7836111);
insert into ubicacion_actual(ubicacion_actual_id, latitud, longitud) values (ubicacion_actual_seq.nextval,-6.6274275,106.7529652);
insert into ubicacion_actual(ubicacion_actual_id, latitud, longitud) values (ubicacion_actual_seq.nextval,47.581201,1.375111);
insert into ubicacion_actual(ubicacion_actual_id, latitud, longitud) values (ubicacion_actual_seq.nextval,30.063748,113.562835);
insert into ubicacion_actual(ubicacion_actual_id, latitud, longitud) values (ubicacion_actual_seq.nextval,49.9498112,14.034461);
insert into ubicacion_actual(ubicacion_actual_id, latitud, longitud) values (ubicacion_actual_seq.nextval,4.345152,-74.361823);
insert into ubicacion_actual(ubicacion_actual_id, latitud, longitud) values (ubicacion_actual_seq.nextval,48.9500557,16.259316);
insert into ubicacion_actual(ubicacion_actual_id, latitud, longitud) values (ubicacion_actual_seq.nextval,57.6999197,11.9101293);
insert into ubicacion_actual(ubicacion_actual_id, latitud, longitud) values (ubicacion_actual_seq.nextval,38.734814,93.330613);
insert into ubicacion_actual(ubicacion_actual_id, latitud, longitud) values (ubicacion_actual_seq.nextval,42.0512556,20.5554375);
insert into ubicacion_actual(ubicacion_actual_id, latitud, longitud) values (ubicacion_actual_seq.nextval,29.04527,120.433275);
insert into ubicacion_actual(ubicacion_actual_id, latitud, longitud) values (ubicacion_actual_seq.nextval,43.0745339,-89.3805579);
insert into ubicacion_actual(ubicacion_actual_id, latitud, longitud) values (ubicacion_actual_seq.nextval,41.49511,22.38359);
insert into ubicacion_actual(ubicacion_actual_id, latitud, longitud) values (ubicacion_actual_seq.nextval,56.1952581,40.5343698);
insert into ubicacion_actual(ubicacion_actual_id, latitud, longitud) values (ubicacion_actual_seq.nextval,12.0518011,24.8804853);
insert into ubicacion_actual(ubicacion_actual_id, latitud, longitud) values (ubicacion_actual_seq.nextval,22.280436,114.157935);
insert into ubicacion_actual(ubicacion_actual_id, latitud, longitud) values (ubicacion_actual_seq.nextval,47.594843,1.3155028);
insert into ubicacion_actual(ubicacion_actual_id, latitud, longitud) values (ubicacion_actual_seq.nextval,61.1386519,13.7844652);
insert into ubicacion_actual(ubicacion_actual_id, latitud, longitud) values (ubicacion_actual_seq.nextval,51.1227795,21.4274273);
insert into ubicacion_actual(ubicacion_actual_id, latitud, longitud) values (ubicacion_actual_seq.nextval,18.4520713,1.4096535);
insert into ubicacion_actual(ubicacion_actual_id, latitud, longitud) values (ubicacion_actual_seq.nextval,40.1638631,-8.8615847);
insert into ubicacion_actual(ubicacion_actual_id, latitud, longitud) values (ubicacion_actual_seq.nextval,29.713689,116.339882);
insert into ubicacion_actual(ubicacion_actual_id, latitud, longitud) values (ubicacion_actual_seq.nextval,32.890704,35.40461);
insert into ubicacion_actual(ubicacion_actual_id, latitud, longitud) values (ubicacion_actual_seq.nextval,18.0354673,-76.7195828);
insert into ubicacion_actual(ubicacion_actual_id, latitud, longitud) values (ubicacion_actual_seq.nextval,38.409359,-82.3614632);
insert into ubicacion_actual(ubicacion_actual_id, latitud, longitud) values (ubicacion_actual_seq.nextval,52.20775,21.077623);
insert into ubicacion_actual(ubicacion_actual_id, latitud, longitud) values (ubicacion_actual_seq.nextval,32.7674911,22.2324406);
insert into ubicacion_actual(ubicacion_actual_id, latitud, longitud) values (ubicacion_actual_seq.nextval,48.1525702,23.1369121);
insert into ubicacion_actual(ubicacion_actual_id, latitud, longitud) values (ubicacion_actual_seq.nextval,4.2743779,-75.931004);
insert into ubicacion_actual(ubicacion_actual_id, latitud, longitud) values (ubicacion_actual_seq.nextval,10.3296345,37.7343987);
insert into ubicacion_actual(ubicacion_actual_id, latitud, longitud) values (ubicacion_actual_seq.nextval,32.3630585,-90.1475822);
insert into ubicacion_actual(ubicacion_actual_id, latitud, longitud) values (ubicacion_actual_seq.nextval,46.2107921,15.0174249);
insert into ubicacion_actual(ubicacion_actual_id, latitud, longitud) values (ubicacion_actual_seq.nextval,26.9597709,49.5687416);
insert into ubicacion_actual(ubicacion_actual_id, latitud, longitud) values (ubicacion_actual_seq.nextval,19.4386048,-99.1034242);
insert into ubicacion_actual(ubicacion_actual_id, latitud, longitud) values (ubicacion_actual_seq.nextval,26.9373041,90.4879916);
insert into ubicacion_actual(ubicacion_actual_id, latitud, longitud) values (ubicacion_actual_seq.nextval,56.1747912,14.756367);
insert into ubicacion_actual(ubicacion_actual_id, latitud, longitud) values (ubicacion_actual_seq.nextval,33.9216582,-84.3772367);
insert into ubicacion_actual(ubicacion_actual_id, latitud, longitud) values (ubicacion_actual_seq.nextval,55.847796,37.5643911);
insert into ubicacion_actual(ubicacion_actual_id, latitud, longitud) values (ubicacion_actual_seq.nextval,51.6715177,35.4505878);
insert into ubicacion_actual(ubicacion_actual_id, latitud, longitud) values (ubicacion_actual_seq.nextval,-3.6846513,13.3500652);
insert into ubicacion_actual(ubicacion_actual_id, latitud, longitud) values (ubicacion_actual_seq.nextval,14.549965,-86.8270545);
insert into ubicacion_actual(ubicacion_actual_id, latitud, longitud) values (ubicacion_actual_seq.nextval,19.482042,-99.1985584);
insert into ubicacion_actual(ubicacion_actual_id, latitud, longitud) values (ubicacion_actual_seq.nextval,51.5835029,18.942743);
insert into ubicacion_actual(ubicacion_actual_id, latitud, longitud) values (ubicacion_actual_seq.nextval,29.9997656,-95.1744903);
insert into ubicacion_actual(ubicacion_actual_id, latitud, longitud) values (ubicacion_actual_seq.nextval,33.423008,102.283399);
insert into ubicacion_actual(ubicacion_actual_id, latitud, longitud) values (ubicacion_actual_seq.nextval,-23.5198964,-46.3408798);
insert into ubicacion_actual(ubicacion_actual_id, latitud, longitud) values (ubicacion_actual_seq.nextval,28.228209,112.938814);
insert into ubicacion_actual(ubicacion_actual_id, latitud, longitud) values (ubicacion_actual_seq.nextval,62.4232512,21.4744125);
insert into ubicacion_actual(ubicacion_actual_id, latitud, longitud) values (ubicacion_actual_seq.nextval,20.9455701,-101.4423451);
insert into ubicacion_actual(ubicacion_actual_id, latitud, longitud) values (ubicacion_actual_seq.nextval,-25.6262174,-57.1520642);
insert into ubicacion_actual(ubicacion_actual_id, latitud, longitud) values (ubicacion_actual_seq.nextval,49.2937975,3.7636128);
insert into ubicacion_actual(ubicacion_actual_id, latitud, longitud) values (ubicacion_actual_seq.nextval,30.475663,-87.193563);
insert into ubicacion_actual(ubicacion_actual_id, latitud, longitud) values (ubicacion_actual_seq.nextval,-38.9467974,-68.1042424);
insert into ubicacion_actual(ubicacion_actual_id, latitud, longitud) values (ubicacion_actual_seq.nextval,52.1861944,5.3099089);
insert into ubicacion_actual(ubicacion_actual_id, latitud, longitud) values (ubicacion_actual_seq.nextval,20.9570351,-75.7197039);
insert into ubicacion_actual(ubicacion_actual_id, latitud, longitud) values (ubicacion_actual_seq.nextval,6.1097207,102.2462087);
insert into ubicacion_actual(ubicacion_actual_id, latitud, longitud) values (ubicacion_actual_seq.nextval,48.7885683,2.3884283);
insert into ubicacion_actual(ubicacion_actual_id, latitud, longitud) values (ubicacion_actual_seq.nextval,0.565435,108.9272);
insert into ubicacion_actual(ubicacion_actual_id, latitud, longitud) values (ubicacion_actual_seq.nextval,22.830192,112.074588);
insert into ubicacion_actual(ubicacion_actual_id, latitud, longitud) values (ubicacion_actual_seq.nextval,30.134451,114.829374);
insert into ubicacion_actual(ubicacion_actual_id, latitud, longitud) values (ubicacion_actual_seq.nextval,-20.5362627,47.2459749);
insert into ubicacion_actual(ubicacion_actual_id, latitud, longitud) values (ubicacion_actual_seq.nextval,-7.3742259,108.4454089);
insert into ubicacion_actual(ubicacion_actual_id, latitud, longitud) values (ubicacion_actual_seq.nextval,40.8253148,-8.4661017);
insert into ubicacion_actual(ubicacion_actual_id, latitud, longitud) values (ubicacion_actual_seq.nextval,11.233633,122.061539);
insert into ubicacion_actual(ubicacion_actual_id, latitud, longitud) values (ubicacion_actual_seq.nextval,35.9482858,126.9575991);
insert into ubicacion_actual(ubicacion_actual_id, latitud, longitud) values (ubicacion_actual_seq.nextval,-8.6068,116.2028);
insert into ubicacion_actual(ubicacion_actual_id, latitud, longitud) values (ubicacion_actual_seq.nextval,-6.7354694,105.8429054);
insert into ubicacion_actual(ubicacion_actual_id, latitud, longitud) values (ubicacion_actual_seq.nextval,52.3992802,36.5028259);
insert into ubicacion_actual(ubicacion_actual_id, latitud, longitud) values (ubicacion_actual_seq.nextval,26.83411,116.490286);
insert into ubicacion_actual(ubicacion_actual_id, latitud, longitud) values (ubicacion_actual_seq.nextval,57.9093249,60.166299);
insert into ubicacion_actual(ubicacion_actual_id, latitud, longitud) values (ubicacion_actual_seq.nextval,9.1765343,123.2166766);
insert into ubicacion_actual(ubicacion_actual_id, latitud, longitud) values (ubicacion_actual_seq.nextval,29.531734,71.6445305);
insert into ubicacion_actual(ubicacion_actual_id, latitud, longitud) values (ubicacion_actual_seq.nextval,-31.4753699,-64.2123183);
insert into ubicacion_actual(ubicacion_actual_id, latitud, longitud) values (ubicacion_actual_seq.nextval,47.660528,33.7205403);
insert into ubicacion_actual(ubicacion_actual_id, latitud, longitud) values (ubicacion_actual_seq.nextval,33.7393667,36.5958947);
insert into ubicacion_actual(ubicacion_actual_id, latitud, longitud) values (ubicacion_actual_seq.nextval,41.4112348,-7.9526065);
insert into ubicacion_actual(ubicacion_actual_id, latitud, longitud) values (ubicacion_actual_seq.nextval,31.7566264,-106.4852997);
insert into ubicacion_actual(ubicacion_actual_id, latitud, longitud) values (ubicacion_actual_seq.nextval,14.63752,105.78842);
insert into ubicacion_actual(ubicacion_actual_id, latitud, longitud) values (ubicacion_actual_seq.nextval,58.251749,57.612388);
insert into ubicacion_actual(ubicacion_actual_id, latitud, longitud) values (ubicacion_actual_seq.nextval,-7.3743397,110.2648159);
insert into ubicacion_actual(ubicacion_actual_id, latitud, longitud) values (ubicacion_actual_seq.nextval,-8.1885372,112.3665609);
insert into ubicacion_actual(ubicacion_actual_id, latitud, longitud) values (ubicacion_actual_seq.nextval,13.9573134,122.2887594);
insert into ubicacion_actual(ubicacion_actual_id, latitud, longitud) values (ubicacion_actual_seq.nextval,41.2169163,-8.6759571);
insert into ubicacion_actual(ubicacion_actual_id, latitud, longitud) values (ubicacion_actual_seq.nextval,15.7832452,121.0086436);
insert into ubicacion_actual(ubicacion_actual_id, latitud, longitud) values (ubicacion_actual_seq.nextval,-5.9617867,143.0677264);
insert into ubicacion_actual(ubicacion_actual_id, latitud, longitud) values (ubicacion_actual_seq.nextval,10.7521356,122.5306125);
insert into ubicacion_actual(ubicacion_actual_id, latitud, longitud) values (ubicacion_actual_seq.nextval,37.5092473,140.9723283);
insert into ubicacion_actual(ubicacion_actual_id, latitud, longitud) values (ubicacion_actual_seq.nextval,10.1219025,123.5393143);
insert into ubicacion_actual(ubicacion_actual_id, latitud, longitud) values (ubicacion_actual_seq.nextval,45.6539183,16.1813069);
insert into ubicacion_actual(ubicacion_actual_id, latitud, longitud) values (ubicacion_actual_seq.nextval,17.1056791,120.4557309);
insert into ubicacion_actual(ubicacion_actual_id, latitud, longitud) values (ubicacion_actual_seq.nextval,-7.1309871,111.591546);
insert into ubicacion_actual(ubicacion_actual_id, latitud, longitud) values (ubicacion_actual_seq.nextval,-23.3866812,-48.7218983);
insert into ubicacion_actual(ubicacion_actual_id, latitud, longitud) values (ubicacion_actual_seq.nextval,24.765091,110.506663);
insert into ubicacion_actual(ubicacion_actual_id, latitud, longitud) values (ubicacion_actual_seq.nextval,60.0456385,30.3403569);
insert into ubicacion_actual(ubicacion_actual_id, latitud, longitud) values (ubicacion_actual_seq.nextval,43.4650355,24.8715019);
insert into ubicacion_actual(ubicacion_actual_id, latitud, longitud) values (ubicacion_actual_seq.nextval,7.5727556,123.1797838);
insert into ubicacion_actual(ubicacion_actual_id, latitud, longitud) values (ubicacion_actual_seq.nextval,12.9881784,108.8848569);
insert into ubicacion_actual(ubicacion_actual_id, latitud, longitud) values (ubicacion_actual_seq.nextval,41.9986907,21.4874715);
insert into ubicacion_actual(ubicacion_actual_id, latitud, longitud) values (ubicacion_actual_seq.nextval,29.9460643,122.3032914);
insert into ubicacion_actual(ubicacion_actual_id, latitud, longitud) values (ubicacion_actual_seq.nextval,51.7157581,17.2266796);
insert into ubicacion_actual(ubicacion_actual_id, latitud, longitud) values (ubicacion_actual_seq.nextval,45.788378,3.1331436);
insert into ubicacion_actual(ubicacion_actual_id, latitud, longitud) values (ubicacion_actual_seq.nextval,-26.4912117,29.2335299);
insert into ubicacion_actual(ubicacion_actual_id, latitud, longitud) values (ubicacion_actual_seq.nextval,10.1386495,-75.2153857);
insert into ubicacion_actual(ubicacion_actual_id, latitud, longitud) values (ubicacion_actual_seq.nextval,60.6755434,17.14035);
insert into ubicacion_actual(ubicacion_actual_id, latitud, longitud) values (ubicacion_actual_seq.nextval,57.4346086,15.0586931);
insert into ubicacion_actual(ubicacion_actual_id, latitud, longitud) values (ubicacion_actual_seq.nextval,50.3256947,20.2370492);
insert into ubicacion_actual(ubicacion_actual_id, latitud, longitud) values (ubicacion_actual_seq.nextval,33.021266,35.447949);
insert into ubicacion_actual(ubicacion_actual_id, latitud, longitud) values (ubicacion_actual_seq.nextval,-34.5802207,-58.5351929);
insert into ubicacion_actual(ubicacion_actual_id, latitud, longitud) values (ubicacion_actual_seq.nextval,43.7400718,7.4266436);
insert into ubicacion_actual(ubicacion_actual_id, latitud, longitud) values (ubicacion_actual_seq.nextval,-8.5335451,-172.5165543);
insert into ubicacion_actual(ubicacion_actual_id, latitud, longitud) values (ubicacion_actual_seq.nextval,30.4659284,30.9305801);
insert into ubicacion_actual(ubicacion_actual_id, latitud, longitud) values (ubicacion_actual_seq.nextval,-22.5961542,-42.9611571);
insert into ubicacion_actual(ubicacion_actual_id, latitud, longitud) values (ubicacion_actual_seq.nextval,-7.1477523,109.9854145);
insert into ubicacion_actual(ubicacion_actual_id, latitud, longitud) values (ubicacion_actual_seq.nextval,38.914003,121.614682);
insert into ubicacion_actual(ubicacion_actual_id, latitud, longitud) values (ubicacion_actual_seq.nextval,44.2136985,3.9996505);
insert into ubicacion_actual(ubicacion_actual_id, latitud, longitud) values (ubicacion_actual_seq.nextval,39.4242713,-8.6985716);
insert into ubicacion_actual(ubicacion_actual_id, latitud, longitud) values (ubicacion_actual_seq.nextval,47.3675629,2.901637);
insert into ubicacion_actual(ubicacion_actual_id, latitud, longitud) values (ubicacion_actual_seq.nextval,37.828804,-25.146173);
insert into ubicacion_actual(ubicacion_actual_id, latitud, longitud) values (ubicacion_actual_seq.nextval,43.4945737,5.8978018);
insert into ubicacion_actual(ubicacion_actual_id, latitud, longitud) values (ubicacion_actual_seq.nextval,52.7567887,25.1531057);
insert into ubicacion_actual(ubicacion_actual_id, latitud, longitud) values (ubicacion_actual_seq.nextval,40.2309943,69.6869913);
insert into ubicacion_actual(ubicacion_actual_id, latitud, longitud) values (ubicacion_actual_seq.nextval,6.3182464,-3.9549641);
insert into ubicacion_actual(ubicacion_actual_id, latitud, longitud) values (ubicacion_actual_seq.nextval,61.750154,30.6676956);
insert into ubicacion_actual(ubicacion_actual_id, latitud, longitud) values (ubicacion_actual_seq.nextval,61.5928356,24.5915028);
insert into ubicacion_actual(ubicacion_actual_id, latitud, longitud) values (ubicacion_actual_seq.nextval,40.536014,19.6371484);
insert into ubicacion_actual(ubicacion_actual_id, latitud, longitud) values (ubicacion_actual_seq.nextval,-7.4443035,-35.148879);
insert into ubicacion_actual(ubicacion_actual_id, latitud, longitud) values (ubicacion_actual_seq.nextval,34.477861,110.084789);
insert into ubicacion_actual(ubicacion_actual_id, latitud, longitud) values (ubicacion_actual_seq.nextval,-22.0227557,-63.6775234);
insert into ubicacion_actual(ubicacion_actual_id, latitud, longitud) values (ubicacion_actual_seq.nextval,59.4874462,17.8147061);
insert into ubicacion_actual(ubicacion_actual_id, latitud, longitud) values (ubicacion_actual_seq.nextval,49.1037815,25.9110602);
insert into ubicacion_actual(ubicacion_actual_id, latitud, longitud) values (ubicacion_actual_seq.nextval,13.634726,-86.8107363);
insert into ubicacion_actual(ubicacion_actual_id, latitud, longitud) values (ubicacion_actual_seq.nextval,44.9280296,4.8932938);
insert into ubicacion_actual(ubicacion_actual_id, latitud, longitud) values (ubicacion_actual_seq.nextval,38.405406,77.249413);
insert into ubicacion_actual(ubicacion_actual_id, latitud, longitud) values (ubicacion_actual_seq.nextval,9.9037751,4.4053497);
insert into ubicacion_actual(ubicacion_actual_id, latitud, longitud) values (ubicacion_actual_seq.nextval,48.873935,38.1047909);
insert into ubicacion_actual(ubicacion_actual_id, latitud, longitud) values (ubicacion_actual_seq.nextval,-3.701499,-40.3496894);
insert into ubicacion_actual(ubicacion_actual_id, latitud, longitud) values (ubicacion_actual_seq.nextval,49.5562052,6.2862731);
insert into ubicacion_actual(ubicacion_actual_id, latitud, longitud) values (ubicacion_actual_seq.nextval,38.776362,114.9416819);
insert into ubicacion_actual(ubicacion_actual_id, latitud, longitud) values (ubicacion_actual_seq.nextval,54.9562342,20.4747022);
insert into ubicacion_actual(ubicacion_actual_id, latitud, longitud) values (ubicacion_actual_seq.nextval,27.948308,109.599191);
insert into ubicacion_actual(ubicacion_actual_id, latitud, longitud) values (ubicacion_actual_seq.nextval,29.2378946,30.7913458);
insert into ubicacion_actual(ubicacion_actual_id, latitud, longitud) values (ubicacion_actual_seq.nextval,34.151579,100.447492);
insert into ubicacion_actual(ubicacion_actual_id, latitud, longitud) values (ubicacion_actual_seq.nextval,52.0404797,76.9262526);
insert into ubicacion_actual(ubicacion_actual_id, latitud, longitud) values (ubicacion_actual_seq.nextval,53.6557845,41.6873842);
insert into ubicacion_actual(ubicacion_actual_id, latitud, longitud) values (ubicacion_actual_seq.nextval,22.613406,113.190869);
insert into ubicacion_actual(ubicacion_actual_id, latitud, longitud) values (ubicacion_actual_seq.nextval,9.5848982,8.2924213);
insert into ubicacion_actual(ubicacion_actual_id, latitud, longitud) values (ubicacion_actual_seq.nextval,14.290674,-91.912218);
insert into ubicacion_actual(ubicacion_actual_id, latitud, longitud) values (ubicacion_actual_seq.nextval,16.1344075,102.2090224);
insert into ubicacion_actual(ubicacion_actual_id, latitud, longitud) values (ubicacion_actual_seq.nextval,41.1150364,-8.2958281);
insert into ubicacion_actual(ubicacion_actual_id, latitud, longitud) values (ubicacion_actual_seq.nextval,-7.765512,112.197899);
insert into ubicacion_actual(ubicacion_actual_id, latitud, longitud) values (ubicacion_actual_seq.nextval,8.6286447,-13.2158557);
insert into ubicacion_actual(ubicacion_actual_id, latitud, longitud) values (ubicacion_actual_seq.nextval,34.7120892,46.6512998);
insert into ubicacion_actual(ubicacion_actual_id, latitud, longitud) values (ubicacion_actual_seq.nextval,19.2874648,-99.6494479);
insert into ubicacion_actual(ubicacion_actual_id, latitud, longitud) values (ubicacion_actual_seq.nextval,65.9338,111.4834);
insert into ubicacion_actual(ubicacion_actual_id, latitud, longitud) values (ubicacion_actual_seq.nextval,65.9338,111.4834);
insert into ubicacion_actual(ubicacion_actual_id, latitud, longitud) values (ubicacion_actual_seq.nextval,16.0501738,103.5899733);
insert into ubicacion_actual(ubicacion_actual_id, latitud, longitud) values (ubicacion_actual_seq.nextval,31.2073439,121.5009714);
insert into ubicacion_actual(ubicacion_actual_id, latitud, longitud) values (ubicacion_actual_seq.nextval,36.837625,112.864561);
insert into ubicacion_actual(ubicacion_actual_id, latitud, longitud) values (ubicacion_actual_seq.nextval,39.02,-94.72);
insert into ubicacion_actual(ubicacion_actual_id, latitud, longitud) values (ubicacion_actual_seq.nextval,-6.1950758,106.8216077);
insert into ubicacion_actual(ubicacion_actual_id, latitud, longitud) values (ubicacion_actual_seq.nextval,-2.6729327,-48.2393528);
insert into ubicacion_actual(ubicacion_actual_id, latitud, longitud) values (ubicacion_actual_seq.nextval,26.106815,34.2743587);
insert into ubicacion_actual(ubicacion_actual_id, latitud, longitud) values (ubicacion_actual_seq.nextval,14.1811693,-16.8502879);
insert into ubicacion_actual(ubicacion_actual_id, latitud, longitud) values (ubicacion_actual_seq.nextval,41.811711,97.030217);
insert into ubicacion_actual(ubicacion_actual_id, latitud, longitud) values (ubicacion_actual_seq.nextval,18.9313146,-70.4070779);
insert into ubicacion_actual(ubicacion_actual_id, latitud, longitud) values (ubicacion_actual_seq.nextval,35.904442,115.110483);
insert into ubicacion_actual(ubicacion_actual_id, latitud, longitud) values (ubicacion_actual_seq.nextval,29.26917,47.97806);
insert into ubicacion_actual(ubicacion_actual_id, latitud, longitud) values (ubicacion_actual_seq.nextval,13.2394415,99.7901781);
insert into ubicacion_actual(ubicacion_actual_id, latitud, longitud) values (ubicacion_actual_seq.nextval,32.060255,118.796877);
insert into ubicacion_actual(ubicacion_actual_id, latitud, longitud) values (ubicacion_actual_seq.nextval,-20.0495323,57.584421);
insert into ubicacion_actual(ubicacion_actual_id, latitud, longitud) values (ubicacion_actual_seq.nextval,-10.2579964,-40.1945306);
insert into ubicacion_actual(ubicacion_actual_id, latitud, longitud) values (ubicacion_actual_seq.nextval,-25.1169056,-49.5076392);
insert into ubicacion_actual(ubicacion_actual_id, latitud, longitud) values (ubicacion_actual_seq.nextval,2.1883402,-76.2131474);
insert into ubicacion_actual(ubicacion_actual_id, latitud, longitud) values (ubicacion_actual_seq.nextval,48.689836,6.17445);
insert into ubicacion_actual(ubicacion_actual_id, latitud, longitud) values (ubicacion_actual_seq.nextval,-6.1989828,106.5996595);
insert into ubicacion_actual(ubicacion_actual_id, latitud, longitud) values (ubicacion_actual_seq.nextval,-20.2884188,57.3779066);

--FARMACIA MEDICAMENTO
PROMPT CREANDO FARMACIA MEDICAMENTO

insert into farmacia_medicamento(farmacia_medicamento_id, numero_unidades, clave_centro_operaciones, medicamento_id) values (farmacia_medicamento_seq.nextval,53,'MOCQFA',248);
insert into farmacia_medicamento(farmacia_medicamento_id, numero_unidades, clave_centro_operaciones, medicamento_id) values (farmacia_medicamento_seq.nextval,86,'WW2169',444);
insert into farmacia_medicamento(farmacia_medicamento_id, numero_unidades, clave_centro_operaciones, medicamento_id) values (farmacia_medicamento_seq.nextval,83,'1NAW50',817);
insert into farmacia_medicamento(farmacia_medicamento_id, numero_unidades, clave_centro_operaciones, medicamento_id) values (farmacia_medicamento_seq.nextval,14,'3YURG8',42);
insert into farmacia_medicamento(farmacia_medicamento_id, numero_unidades, clave_centro_operaciones, medicamento_id) values (farmacia_medicamento_seq.nextval,45,'3YURG8',165);
insert into farmacia_medicamento(farmacia_medicamento_id, numero_unidades, clave_centro_operaciones, medicamento_id) values (farmacia_medicamento_seq.nextval,79,'8X4J39',921);
insert into farmacia_medicamento(farmacia_medicamento_id, numero_unidades, clave_centro_operaciones, medicamento_id) values (farmacia_medicamento_seq.nextval,44,'HMP2CI',1049);
insert into farmacia_medicamento(farmacia_medicamento_id, numero_unidades, clave_centro_operaciones, medicamento_id) values (farmacia_medicamento_seq.nextval,45,'ISX4YK',447);
insert into farmacia_medicamento(farmacia_medicamento_id, numero_unidades, clave_centro_operaciones, medicamento_id) values (farmacia_medicamento_seq.nextval,80,'1NAW50',967);
insert into farmacia_medicamento(farmacia_medicamento_id, numero_unidades, clave_centro_operaciones, medicamento_id) values (farmacia_medicamento_seq.nextval,15,'ICPSU7',1020);
insert into farmacia_medicamento(farmacia_medicamento_id, numero_unidades, clave_centro_operaciones, medicamento_id) values (farmacia_medicamento_seq.nextval,62,'IXS8YC',371);
insert into farmacia_medicamento(farmacia_medicamento_id, numero_unidades, clave_centro_operaciones, medicamento_id) values (farmacia_medicamento_seq.nextval,81,'MOCQFA',234);
insert into farmacia_medicamento(farmacia_medicamento_id, numero_unidades, clave_centro_operaciones, medicamento_id) values (farmacia_medicamento_seq.nextval,10,'WW2169',595);
insert into farmacia_medicamento(farmacia_medicamento_id, numero_unidades, clave_centro_operaciones, medicamento_id) values (farmacia_medicamento_seq.nextval,22,'MOCQFA',610);
insert into farmacia_medicamento(farmacia_medicamento_id, numero_unidades, clave_centro_operaciones, medicamento_id) values (farmacia_medicamento_seq.nextval,89,'WW2169',294);
insert into farmacia_medicamento(farmacia_medicamento_id, numero_unidades, clave_centro_operaciones, medicamento_id) values (farmacia_medicamento_seq.nextval,24,'8X4J39',793);
insert into farmacia_medicamento(farmacia_medicamento_id, numero_unidades, clave_centro_operaciones, medicamento_id) values (farmacia_medicamento_seq.nextval,23,'HMP2CI',1172);
insert into farmacia_medicamento(farmacia_medicamento_id, numero_unidades, clave_centro_operaciones, medicamento_id) values (farmacia_medicamento_seq.nextval,98,'3YURG8',381);
insert into farmacia_medicamento(farmacia_medicamento_id, numero_unidades, clave_centro_operaciones, medicamento_id) values (farmacia_medicamento_seq.nextval,64,'8X4J39',1088);
insert into farmacia_medicamento(farmacia_medicamento_id, numero_unidades, clave_centro_operaciones, medicamento_id) values (farmacia_medicamento_seq.nextval,83,'HMP2CI',1245);
insert into farmacia_medicamento(farmacia_medicamento_id, numero_unidades, clave_centro_operaciones, medicamento_id) values (farmacia_medicamento_seq.nextval,21,'ISX4YK',460);
insert into farmacia_medicamento(farmacia_medicamento_id, numero_unidades, clave_centro_operaciones, medicamento_id) values (farmacia_medicamento_seq.nextval,60,'1NAW50',293);
insert into farmacia_medicamento(farmacia_medicamento_id, numero_unidades, clave_centro_operaciones, medicamento_id) values (farmacia_medicamento_seq.nextval,71,'XFVDO5',621);
insert into farmacia_medicamento(farmacia_medicamento_id, numero_unidades, clave_centro_operaciones, medicamento_id) values (farmacia_medicamento_seq.nextval,41,'ICPSU7',603);
insert into farmacia_medicamento(farmacia_medicamento_id, numero_unidades, clave_centro_operaciones, medicamento_id) values (farmacia_medicamento_seq.nextval,97,'IXS8YC',896);
insert into farmacia_medicamento(farmacia_medicamento_id, numero_unidades, clave_centro_operaciones, medicamento_id) values (farmacia_medicamento_seq.nextval,81,'HMP2CI',1378);
insert into farmacia_medicamento(farmacia_medicamento_id, numero_unidades, clave_centro_operaciones, medicamento_id) values (farmacia_medicamento_seq.nextval,37,'MOCQFA',114);
insert into farmacia_medicamento(farmacia_medicamento_id, numero_unidades, clave_centro_operaciones, medicamento_id) values (farmacia_medicamento_seq.nextval,57,'WW2169',848);
insert into farmacia_medicamento(farmacia_medicamento_id, numero_unidades, clave_centro_operaciones, medicamento_id) values (farmacia_medicamento_seq.nextval,16,'1NAW50',2);
insert into farmacia_medicamento(farmacia_medicamento_id, numero_unidades, clave_centro_operaciones, medicamento_id) values (farmacia_medicamento_seq.nextval,39,'X92Q8Q',244);
insert into farmacia_medicamento(farmacia_medicamento_id, numero_unidades, clave_centro_operaciones, medicamento_id) values (farmacia_medicamento_seq.nextval,94,'OQDDLX',364);
insert into farmacia_medicamento(farmacia_medicamento_id, numero_unidades, clave_centro_operaciones, medicamento_id) values (farmacia_medicamento_seq.nextval,14,'3CFT32',1212);
insert into farmacia_medicamento(farmacia_medicamento_id, numero_unidades, clave_centro_operaciones, medicamento_id) values (farmacia_medicamento_seq.nextval,80,'TBNKRA',91);
insert into farmacia_medicamento(farmacia_medicamento_id, numero_unidades, clave_centro_operaciones, medicamento_id) values (farmacia_medicamento_seq.nextval,20,'3YURG8',200);
insert into farmacia_medicamento(farmacia_medicamento_id, numero_unidades, clave_centro_operaciones, medicamento_id) values (farmacia_medicamento_seq.nextval,53,'SSI6YL',1192);
insert into farmacia_medicamento(farmacia_medicamento_id, numero_unidades, clave_centro_operaciones, medicamento_id) values (farmacia_medicamento_seq.nextval,21,'8X4J39',302);
insert into farmacia_medicamento(farmacia_medicamento_id, numero_unidades, clave_centro_operaciones, medicamento_id) values (farmacia_medicamento_seq.nextval,18,'ISX4YK',165);
insert into farmacia_medicamento(farmacia_medicamento_id, numero_unidades, clave_centro_operaciones, medicamento_id) values (farmacia_medicamento_seq.nextval,48,'1NAW50',1091);
insert into farmacia_medicamento(farmacia_medicamento_id, numero_unidades, clave_centro_operaciones, medicamento_id) values (farmacia_medicamento_seq.nextval,61,'ICPSU7',374);
insert into farmacia_medicamento(farmacia_medicamento_id, numero_unidades, clave_centro_operaciones, medicamento_id) values (farmacia_medicamento_seq.nextval,24,'IXS8YC',936); 

--MEDICAMENTO PRESENTACION
PROMPT CREANDO MEDICAMENTO PRESENTACION

insert into medicamento_presentacion(medicamento_presentacion_id,presentacion_id,medicamento_id) values (medicamento_presentacion_seq.nextval,1,1454);
insert into medicamento_presentacion(medicamento_presentacion_id,presentacion_id,medicamento_id) values (medicamento_presentacion_seq.nextval,5,573);
insert into medicamento_presentacion(medicamento_presentacion_id,presentacion_id,medicamento_id) values (medicamento_presentacion_seq.nextval,1,986);
insert into medicamento_presentacion(medicamento_presentacion_id,presentacion_id,medicamento_id) values (medicamento_presentacion_seq.nextval,2,730);
insert into medicamento_presentacion(medicamento_presentacion_id,presentacion_id,medicamento_id) values (medicamento_presentacion_seq.nextval,1,931);
insert into medicamento_presentacion(medicamento_presentacion_id,presentacion_id,medicamento_id) values (medicamento_presentacion_seq.nextval,2,175);
insert into medicamento_presentacion(medicamento_presentacion_id,presentacion_id,medicamento_id) values (medicamento_presentacion_seq.nextval,2,1066);
insert into medicamento_presentacion(medicamento_presentacion_id,presentacion_id,medicamento_id) values (medicamento_presentacion_seq.nextval,1,1037);
insert into medicamento_presentacion(medicamento_presentacion_id,presentacion_id,medicamento_id) values (medicamento_presentacion_seq.nextval,1,561);
insert into medicamento_presentacion(medicamento_presentacion_id,presentacion_id,medicamento_id) values (medicamento_presentacion_seq.nextval,3,153);
insert into medicamento_presentacion(medicamento_presentacion_id,presentacion_id,medicamento_id) values (medicamento_presentacion_seq.nextval,1,508);
insert into medicamento_presentacion(medicamento_presentacion_id,presentacion_id,medicamento_id) values (medicamento_presentacion_seq.nextval,2,479);
insert into medicamento_presentacion(medicamento_presentacion_id,presentacion_id,medicamento_id) values (medicamento_presentacion_seq.nextval,4,1219);
insert into medicamento_presentacion(medicamento_presentacion_id,presentacion_id,medicamento_id) values (medicamento_presentacion_seq.nextval,5,54);
insert into medicamento_presentacion(medicamento_presentacion_id,presentacion_id,medicamento_id) values (medicamento_presentacion_seq.nextval,1,406);
insert into medicamento_presentacion(medicamento_presentacion_id,presentacion_id,medicamento_id) values (medicamento_presentacion_seq.nextval,3,1446);
insert into medicamento_presentacion(medicamento_presentacion_id,presentacion_id,medicamento_id) values (medicamento_presentacion_seq.nextval,5,966);
insert into medicamento_presentacion(medicamento_presentacion_id,presentacion_id,medicamento_id) values (medicamento_presentacion_seq.nextval,1,821);
insert into medicamento_presentacion(medicamento_presentacion_id,presentacion_id,medicamento_id) values (medicamento_presentacion_seq.nextval,5,1472);
insert into medicamento_presentacion(medicamento_presentacion_id,presentacion_id,medicamento_id) values (medicamento_presentacion_seq.nextval,1,247);
insert into medicamento_presentacion(medicamento_presentacion_id,presentacion_id,medicamento_id) values (medicamento_presentacion_seq.nextval,1,319);
insert into medicamento_presentacion(medicamento_presentacion_id,presentacion_id,medicamento_id) values (medicamento_presentacion_seq.nextval,3,1415);
insert into medicamento_presentacion(medicamento_presentacion_id,presentacion_id,medicamento_id) values (medicamento_presentacion_seq.nextval,3,1342);
insert into medicamento_presentacion(medicamento_presentacion_id,presentacion_id,medicamento_id) values (medicamento_presentacion_seq.nextval,1,1283);
insert into medicamento_presentacion(medicamento_presentacion_id,presentacion_id,medicamento_id) values (medicamento_presentacion_seq.nextval,4,1441);
insert into medicamento_presentacion(medicamento_presentacion_id,presentacion_id,medicamento_id) values (medicamento_presentacion_seq.nextval,4,415);
insert into medicamento_presentacion(medicamento_presentacion_id,presentacion_id,medicamento_id) values (medicamento_presentacion_seq.nextval,4,755);
insert into medicamento_presentacion(medicamento_presentacion_id,presentacion_id,medicamento_id) values (medicamento_presentacion_seq.nextval,2,446);
insert into medicamento_presentacion(medicamento_presentacion_id,presentacion_id,medicamento_id) values (medicamento_presentacion_seq.nextval,3,239);
insert into medicamento_presentacion(medicamento_presentacion_id,presentacion_id,medicamento_id) values (medicamento_presentacion_seq.nextval,2,1358);
insert into medicamento_presentacion(medicamento_presentacion_id,presentacion_id,medicamento_id) values (medicamento_presentacion_seq.nextval,5,292);
insert into medicamento_presentacion(medicamento_presentacion_id,presentacion_id,medicamento_id) values (medicamento_presentacion_seq.nextval,2,197);
insert into medicamento_presentacion(medicamento_presentacion_id,presentacion_id,medicamento_id) values (medicamento_presentacion_seq.nextval,2,1427);
insert into medicamento_presentacion(medicamento_presentacion_id,presentacion_id,medicamento_id) values (medicamento_presentacion_seq.nextval,4,1082);
insert into medicamento_presentacion(medicamento_presentacion_id,presentacion_id,medicamento_id) values (medicamento_presentacion_seq.nextval,3,521);
insert into medicamento_presentacion(medicamento_presentacion_id,presentacion_id,medicamento_id) values (medicamento_presentacion_seq.nextval,1,588);
insert into medicamento_presentacion(medicamento_presentacion_id,presentacion_id,medicamento_id) values (medicamento_presentacion_seq.nextval,1,1433);
insert into medicamento_presentacion(medicamento_presentacion_id,presentacion_id,medicamento_id) values (medicamento_presentacion_seq.nextval,1,735);
insert into medicamento_presentacion(medicamento_presentacion_id,presentacion_id,medicamento_id) values (medicamento_presentacion_seq.nextval,4,896);
insert into medicamento_presentacion(medicamento_presentacion_id,presentacion_id,medicamento_id) values (medicamento_presentacion_seq.nextval,4,886);
insert into medicamento_presentacion(medicamento_presentacion_id,presentacion_id,medicamento_id) values (medicamento_presentacion_seq.nextval,1,1087);
insert into medicamento_presentacion(medicamento_presentacion_id,presentacion_id,medicamento_id) values (medicamento_presentacion_seq.nextval,5,572);
insert into medicamento_presentacion(medicamento_presentacion_id,presentacion_id,medicamento_id) values (medicamento_presentacion_seq.nextval,1,101);
insert into medicamento_presentacion(medicamento_presentacion_id,presentacion_id,medicamento_id) values (medicamento_presentacion_seq.nextval,4,1106);
insert into medicamento_presentacion(medicamento_presentacion_id,presentacion_id,medicamento_id) values (medicamento_presentacion_seq.nextval,3,192);
insert into medicamento_presentacion(medicamento_presentacion_id,presentacion_id,medicamento_id) values (medicamento_presentacion_seq.nextval,4,901);
insert into medicamento_presentacion(medicamento_presentacion_id,presentacion_id,medicamento_id) values (medicamento_presentacion_seq.nextval,2,44);
insert into medicamento_presentacion(medicamento_presentacion_id,presentacion_id,medicamento_id) values (medicamento_presentacion_seq.nextval,3,644);
insert into medicamento_presentacion(medicamento_presentacion_id,presentacion_id,medicamento_id) values (medicamento_presentacion_seq.nextval,2,681);
insert into medicamento_presentacion(medicamento_presentacion_id,presentacion_id,medicamento_id) values (medicamento_presentacion_seq.nextval,4,341);
insert into medicamento_presentacion(medicamento_presentacion_id,presentacion_id,medicamento_id) values (medicamento_presentacion_seq.nextval,1,1283);
insert into medicamento_presentacion(medicamento_presentacion_id,presentacion_id,medicamento_id) values (medicamento_presentacion_seq.nextval,5,1070);
insert into medicamento_presentacion(medicamento_presentacion_id,presentacion_id,medicamento_id) values (medicamento_presentacion_seq.nextval,3,51);
insert into medicamento_presentacion(medicamento_presentacion_id,presentacion_id,medicamento_id) values (medicamento_presentacion_seq.nextval,3,611);
insert into medicamento_presentacion(medicamento_presentacion_id,presentacion_id,medicamento_id) values (medicamento_presentacion_seq.nextval,2,155);
insert into medicamento_presentacion(medicamento_presentacion_id,presentacion_id,medicamento_id) values (medicamento_presentacion_seq.nextval,3,14);
insert into medicamento_presentacion(medicamento_presentacion_id,presentacion_id,medicamento_id) values (medicamento_presentacion_seq.nextval,1,1421);
insert into medicamento_presentacion(medicamento_presentacion_id,presentacion_id,medicamento_id) values (medicamento_presentacion_seq.nextval,2,442);
insert into medicamento_presentacion(medicamento_presentacion_id,presentacion_id,medicamento_id) values (medicamento_presentacion_seq.nextval,5,1385);
insert into medicamento_presentacion(medicamento_presentacion_id,presentacion_id,medicamento_id) values (medicamento_presentacion_seq.nextval,4,81);
insert into medicamento_presentacion(medicamento_presentacion_id,presentacion_id,medicamento_id) values (medicamento_presentacion_seq.nextval,2,944);
insert into medicamento_presentacion(medicamento_presentacion_id,presentacion_id,medicamento_id) values (medicamento_presentacion_seq.nextval,3,730);
insert into medicamento_presentacion(medicamento_presentacion_id,presentacion_id,medicamento_id) values (medicamento_presentacion_seq.nextval,3,292);
insert into medicamento_presentacion(medicamento_presentacion_id,presentacion_id,medicamento_id) values (medicamento_presentacion_seq.nextval,3,637);
insert into medicamento_presentacion(medicamento_presentacion_id,presentacion_id,medicamento_id) values (medicamento_presentacion_seq.nextval,5,97);
insert into medicamento_presentacion(medicamento_presentacion_id,presentacion_id,medicamento_id) values (medicamento_presentacion_seq.nextval,2,601);
insert into medicamento_presentacion(medicamento_presentacion_id,presentacion_id,medicamento_id) values (medicamento_presentacion_seq.nextval,4,688);
insert into medicamento_presentacion(medicamento_presentacion_id,presentacion_id,medicamento_id) values (medicamento_presentacion_seq.nextval,5,476);
insert into medicamento_presentacion(medicamento_presentacion_id,presentacion_id,medicamento_id) values (medicamento_presentacion_seq.nextval,3,459);
insert into medicamento_presentacion(medicamento_presentacion_id,presentacion_id,medicamento_id) values (medicamento_presentacion_seq.nextval,5,844);
insert into medicamento_presentacion(medicamento_presentacion_id,presentacion_id,medicamento_id) values (medicamento_presentacion_seq.nextval,3,1098);
insert into medicamento_presentacion(medicamento_presentacion_id,presentacion_id,medicamento_id) values (medicamento_presentacion_seq.nextval,3,497);
insert into medicamento_presentacion(medicamento_presentacion_id,presentacion_id,medicamento_id) values (medicamento_presentacion_seq.nextval,5,1245);
insert into medicamento_presentacion(medicamento_presentacion_id,presentacion_id,medicamento_id) values (medicamento_presentacion_seq.nextval,1,860);
insert into medicamento_presentacion(medicamento_presentacion_id,presentacion_id,medicamento_id) values (medicamento_presentacion_seq.nextval,5,146);
insert into medicamento_presentacion(medicamento_presentacion_id,presentacion_id,medicamento_id) values (medicamento_presentacion_seq.nextval,1,1309);
insert into medicamento_presentacion(medicamento_presentacion_id,presentacion_id,medicamento_id) values (medicamento_presentacion_seq.nextval,2,560);
insert into medicamento_presentacion(medicamento_presentacion_id,presentacion_id,medicamento_id) values (medicamento_presentacion_seq.nextval,3,1446);
insert into medicamento_presentacion(medicamento_presentacion_id,presentacion_id,medicamento_id) values (medicamento_presentacion_seq.nextval,2,637);
insert into medicamento_presentacion(medicamento_presentacion_id,presentacion_id,medicamento_id) values (medicamento_presentacion_seq.nextval,2,768);
insert into medicamento_presentacion(medicamento_presentacion_id,presentacion_id,medicamento_id) values (medicamento_presentacion_seq.nextval,4,732);
insert into medicamento_presentacion(medicamento_presentacion_id,presentacion_id,medicamento_id) values (medicamento_presentacion_seq.nextval,1,925);
insert into medicamento_presentacion(medicamento_presentacion_id,presentacion_id,medicamento_id) values (medicamento_presentacion_seq.nextval,1,1119);
insert into medicamento_presentacion(medicamento_presentacion_id,presentacion_id,medicamento_id) values (medicamento_presentacion_seq.nextval,2,854);
insert into medicamento_presentacion(medicamento_presentacion_id,presentacion_id,medicamento_id) values (medicamento_presentacion_seq.nextval,1,322);
insert into medicamento_presentacion(medicamento_presentacion_id,presentacion_id,medicamento_id) values (medicamento_presentacion_seq.nextval,2,378);
insert into medicamento_presentacion(medicamento_presentacion_id,presentacion_id,medicamento_id) values (medicamento_presentacion_seq.nextval,5,1361);
insert into medicamento_presentacion(medicamento_presentacion_id,presentacion_id,medicamento_id) values (medicamento_presentacion_seq.nextval,1,329);
insert into medicamento_presentacion(medicamento_presentacion_id,presentacion_id,medicamento_id) values (medicamento_presentacion_seq.nextval,5,1215);
insert into medicamento_presentacion(medicamento_presentacion_id,presentacion_id,medicamento_id) values (medicamento_presentacion_seq.nextval,3,1422);
insert into medicamento_presentacion(medicamento_presentacion_id,presentacion_id,medicamento_id) values (medicamento_presentacion_seq.nextval,2,1038);
insert into medicamento_presentacion(medicamento_presentacion_id,presentacion_id,medicamento_id) values (medicamento_presentacion_seq.nextval,1,572);
insert into medicamento_presentacion(medicamento_presentacion_id,presentacion_id,medicamento_id) values (medicamento_presentacion_seq.nextval,5,1219);
insert into medicamento_presentacion(medicamento_presentacion_id,presentacion_id,medicamento_id) values (medicamento_presentacion_seq.nextval,5,174);
insert into medicamento_presentacion(medicamento_presentacion_id,presentacion_id,medicamento_id) values (medicamento_presentacion_seq.nextval,1,569);
insert into medicamento_presentacion(medicamento_presentacion_id,presentacion_id,medicamento_id) values (medicamento_presentacion_seq.nextval,2,425);
insert into medicamento_presentacion(medicamento_presentacion_id,presentacion_id,medicamento_id) values (medicamento_presentacion_seq.nextval,1,1177);
insert into medicamento_presentacion(medicamento_presentacion_id,presentacion_id,medicamento_id) values (medicamento_presentacion_seq.nextval,1,435);
insert into medicamento_presentacion(medicamento_presentacion_id,presentacion_id,medicamento_id) values (medicamento_presentacion_seq.nextval,4,783);
insert into medicamento_presentacion(medicamento_presentacion_id,presentacion_id,medicamento_id) values (medicamento_presentacion_seq.nextval,4,719);
insert into medicamento_presentacion(medicamento_presentacion_id,presentacion_id,medicamento_id) values (medicamento_presentacion_seq.nextval,5,22);
insert into medicamento_presentacion(medicamento_presentacion_id,presentacion_id,medicamento_id) values (medicamento_presentacion_seq.nextval,1,586);
insert into medicamento_presentacion(medicamento_presentacion_id,presentacion_id,medicamento_id) values (medicamento_presentacion_seq.nextval,5,1125);
insert into medicamento_presentacion(medicamento_presentacion_id,presentacion_id,medicamento_id) values (medicamento_presentacion_seq.nextval,1,203);
insert into medicamento_presentacion(medicamento_presentacion_id,presentacion_id,medicamento_id) values (medicamento_presentacion_seq.nextval,1,676);
insert into medicamento_presentacion(medicamento_presentacion_id,presentacion_id,medicamento_id) values (medicamento_presentacion_seq.nextval,4,1260);
insert into medicamento_presentacion(medicamento_presentacion_id,presentacion_id,medicamento_id) values (medicamento_presentacion_seq.nextval,5,36);
insert into medicamento_presentacion(medicamento_presentacion_id,presentacion_id,medicamento_id) values (medicamento_presentacion_seq.nextval,3,1293);
insert into medicamento_presentacion(medicamento_presentacion_id,presentacion_id,medicamento_id) values (medicamento_presentacion_seq.nextval,1,1114);
insert into medicamento_presentacion(medicamento_presentacion_id,presentacion_id,medicamento_id) values (medicamento_presentacion_seq.nextval,2,896);
insert into medicamento_presentacion(medicamento_presentacion_id,presentacion_id,medicamento_id) values (medicamento_presentacion_seq.nextval,3,323);
insert into medicamento_presentacion(medicamento_presentacion_id,presentacion_id,medicamento_id) values (medicamento_presentacion_seq.nextval,5,365);
insert into medicamento_presentacion(medicamento_presentacion_id,presentacion_id,medicamento_id) values (medicamento_presentacion_seq.nextval,5,901);
insert into medicamento_presentacion(medicamento_presentacion_id,presentacion_id,medicamento_id) values (medicamento_presentacion_seq.nextval,3,395);
insert into medicamento_presentacion(medicamento_presentacion_id,presentacion_id,medicamento_id) values (medicamento_presentacion_seq.nextval,3,750);
insert into medicamento_presentacion(medicamento_presentacion_id,presentacion_id,medicamento_id) values (medicamento_presentacion_seq.nextval,1,286);
insert into medicamento_presentacion(medicamento_presentacion_id,presentacion_id,medicamento_id) values (medicamento_presentacion_seq.nextval,4,788);
insert into medicamento_presentacion(medicamento_presentacion_id,presentacion_id,medicamento_id) values (medicamento_presentacion_seq.nextval,4,1001);
insert into medicamento_presentacion(medicamento_presentacion_id,presentacion_id,medicamento_id) values (medicamento_presentacion_seq.nextval,1,1171);
insert into medicamento_presentacion(medicamento_presentacion_id,presentacion_id,medicamento_id) values (medicamento_presentacion_seq.nextval,4,1169);
insert into medicamento_presentacion(medicamento_presentacion_id,presentacion_id,medicamento_id) values (medicamento_presentacion_seq.nextval,4,528);
insert into medicamento_presentacion(medicamento_presentacion_id,presentacion_id,medicamento_id) values (medicamento_presentacion_seq.nextval,3,1251);
insert into medicamento_presentacion(medicamento_presentacion_id,presentacion_id,medicamento_id) values (medicamento_presentacion_seq.nextval,4,1407);
insert into medicamento_presentacion(medicamento_presentacion_id,presentacion_id,medicamento_id) values (medicamento_presentacion_seq.nextval,2,1465);
insert into medicamento_presentacion(medicamento_presentacion_id,presentacion_id,medicamento_id) values (medicamento_presentacion_seq.nextval,3,1388);
insert into medicamento_presentacion(medicamento_presentacion_id,presentacion_id,medicamento_id) values (medicamento_presentacion_seq.nextval,5,1239);
insert into medicamento_presentacion(medicamento_presentacion_id,presentacion_id,medicamento_id) values (medicamento_presentacion_seq.nextval,1,1030);
insert into medicamento_presentacion(medicamento_presentacion_id,presentacion_id,medicamento_id) values (medicamento_presentacion_seq.nextval,1,1142);
insert into medicamento_presentacion(medicamento_presentacion_id,presentacion_id,medicamento_id) values (medicamento_presentacion_seq.nextval,2,784);
insert into medicamento_presentacion(medicamento_presentacion_id,presentacion_id,medicamento_id) values (medicamento_presentacion_seq.nextval,2,855);
insert into medicamento_presentacion(medicamento_presentacion_id,presentacion_id,medicamento_id) values (medicamento_presentacion_seq.nextval,3,1065);
insert into medicamento_presentacion(medicamento_presentacion_id,presentacion_id,medicamento_id) values (medicamento_presentacion_seq.nextval,4,313);
insert into medicamento_presentacion(medicamento_presentacion_id,presentacion_id,medicamento_id) values (medicamento_presentacion_seq.nextval,3,181);
insert into medicamento_presentacion(medicamento_presentacion_id,presentacion_id,medicamento_id) values (medicamento_presentacion_seq.nextval,1,767);
insert into medicamento_presentacion(medicamento_presentacion_id,presentacion_id,medicamento_id) values (medicamento_presentacion_seq.nextval,1,582);
insert into medicamento_presentacion(medicamento_presentacion_id,presentacion_id,medicamento_id) values (medicamento_presentacion_seq.nextval,3,769);
insert into medicamento_presentacion(medicamento_presentacion_id,presentacion_id,medicamento_id) values (medicamento_presentacion_seq.nextval,4,1183);
insert into medicamento_presentacion(medicamento_presentacion_id,presentacion_id,medicamento_id) values (medicamento_presentacion_seq.nextval,4,1);
insert into medicamento_presentacion(medicamento_presentacion_id,presentacion_id,medicamento_id) values (medicamento_presentacion_seq.nextval,1,1451);
insert into medicamento_presentacion(medicamento_presentacion_id,presentacion_id,medicamento_id) values (medicamento_presentacion_seq.nextval,4,1279);
insert into medicamento_presentacion(medicamento_presentacion_id,presentacion_id,medicamento_id) values (medicamento_presentacion_seq.nextval,1,47);
insert into medicamento_presentacion(medicamento_presentacion_id,presentacion_id,medicamento_id) values (medicamento_presentacion_seq.nextval,1,605);
insert into medicamento_presentacion(medicamento_presentacion_id,presentacion_id,medicamento_id) values (medicamento_presentacion_seq.nextval,4,1158);
insert into medicamento_presentacion(medicamento_presentacion_id,presentacion_id,medicamento_id) values (medicamento_presentacion_seq.nextval,4,1397);
insert into medicamento_presentacion(medicamento_presentacion_id,presentacion_id,medicamento_id) values (medicamento_presentacion_seq.nextval,2,1399);
insert into medicamento_presentacion(medicamento_presentacion_id,presentacion_id,medicamento_id) values (medicamento_presentacion_seq.nextval,1,223);
insert into medicamento_presentacion(medicamento_presentacion_id,presentacion_id,medicamento_id) values (medicamento_presentacion_seq.nextval,5,794);
insert into medicamento_presentacion(medicamento_presentacion_id,presentacion_id,medicamento_id) values (medicamento_presentacion_seq.nextval,3,442);
insert into medicamento_presentacion(medicamento_presentacion_id,presentacion_id,medicamento_id) values (medicamento_presentacion_seq.nextval,2,132);
insert into medicamento_presentacion(medicamento_presentacion_id,presentacion_id,medicamento_id) values (medicamento_presentacion_seq.nextval,5,622);
insert into medicamento_presentacion(medicamento_presentacion_id,presentacion_id,medicamento_id) values (medicamento_presentacion_seq.nextval,2,644);
insert into medicamento_presentacion(medicamento_presentacion_id,presentacion_id,medicamento_id) values (medicamento_presentacion_seq.nextval,2,1387);
insert into medicamento_presentacion(medicamento_presentacion_id,presentacion_id,medicamento_id) values (medicamento_presentacion_seq.nextval,1,669);
insert into medicamento_presentacion(medicamento_presentacion_id,presentacion_id,medicamento_id) values (medicamento_presentacion_seq.nextval,3,550);
insert into medicamento_presentacion(medicamento_presentacion_id,presentacion_id,medicamento_id) values (medicamento_presentacion_seq.nextval,2,100);
insert into medicamento_presentacion(medicamento_presentacion_id,presentacion_id,medicamento_id) values (medicamento_presentacion_seq.nextval,2,226);
insert into medicamento_presentacion(medicamento_presentacion_id,presentacion_id,medicamento_id) values (medicamento_presentacion_seq.nextval,3,643);
insert into medicamento_presentacion(medicamento_presentacion_id,presentacion_id,medicamento_id) values (medicamento_presentacion_seq.nextval,2,309);
insert into medicamento_presentacion(medicamento_presentacion_id,presentacion_id,medicamento_id) values (medicamento_presentacion_seq.nextval,4,258);
insert into medicamento_presentacion(medicamento_presentacion_id,presentacion_id,medicamento_id) values (medicamento_presentacion_seq.nextval,2,861);
insert into medicamento_presentacion(medicamento_presentacion_id,presentacion_id,medicamento_id) values (medicamento_presentacion_seq.nextval,2,100);
insert into medicamento_presentacion(medicamento_presentacion_id,presentacion_id,medicamento_id) values (medicamento_presentacion_seq.nextval,2,1337);
insert into medicamento_presentacion(medicamento_presentacion_id,presentacion_id,medicamento_id) values (medicamento_presentacion_seq.nextval,3,1478);
insert into medicamento_presentacion(medicamento_presentacion_id,presentacion_id,medicamento_id) values (medicamento_presentacion_seq.nextval,3,45);
insert into medicamento_presentacion(medicamento_presentacion_id,presentacion_id,medicamento_id) values (medicamento_presentacion_seq.nextval,4,750);
insert into medicamento_presentacion(medicamento_presentacion_id,presentacion_id,medicamento_id) values (medicamento_presentacion_seq.nextval,4,189);
insert into medicamento_presentacion(medicamento_presentacion_id,presentacion_id,medicamento_id) values (medicamento_presentacion_seq.nextval,3,1498);
insert into medicamento_presentacion(medicamento_presentacion_id,presentacion_id,medicamento_id) values (medicamento_presentacion_seq.nextval,3,1376);
insert into medicamento_presentacion(medicamento_presentacion_id,presentacion_id,medicamento_id) values (medicamento_presentacion_seq.nextval,1,565);
insert into medicamento_presentacion(medicamento_presentacion_id,presentacion_id,medicamento_id) values (medicamento_presentacion_seq.nextval,4,201);
insert into medicamento_presentacion(medicamento_presentacion_id,presentacion_id,medicamento_id) values (medicamento_presentacion_seq.nextval,3,260);
insert into medicamento_presentacion(medicamento_presentacion_id,presentacion_id,medicamento_id) values (medicamento_presentacion_seq.nextval,2,1256);
insert into medicamento_presentacion(medicamento_presentacion_id,presentacion_id,medicamento_id) values (medicamento_presentacion_seq.nextval,5,1034);
insert into medicamento_presentacion(medicamento_presentacion_id,presentacion_id,medicamento_id) values (medicamento_presentacion_seq.nextval,1,682);
insert into medicamento_presentacion(medicamento_presentacion_id,presentacion_id,medicamento_id) values (medicamento_presentacion_seq.nextval,3,939);
insert into medicamento_presentacion(medicamento_presentacion_id,presentacion_id,medicamento_id) values (medicamento_presentacion_seq.nextval,1,1117);
insert into medicamento_presentacion(medicamento_presentacion_id,presentacion_id,medicamento_id) values (medicamento_presentacion_seq.nextval,1,365);
insert into medicamento_presentacion(medicamento_presentacion_id,presentacion_id,medicamento_id) values (medicamento_presentacion_seq.nextval,5,423);
insert into medicamento_presentacion(medicamento_presentacion_id,presentacion_id,medicamento_id) values (medicamento_presentacion_seq.nextval,4,310);
insert into medicamento_presentacion(medicamento_presentacion_id,presentacion_id,medicamento_id) values (medicamento_presentacion_seq.nextval,2,1160);
insert into medicamento_presentacion(medicamento_presentacion_id,presentacion_id,medicamento_id) values (medicamento_presentacion_seq.nextval,3,327);
insert into medicamento_presentacion(medicamento_presentacion_id,presentacion_id,medicamento_id) values (medicamento_presentacion_seq.nextval,5,819);
insert into medicamento_presentacion(medicamento_presentacion_id,presentacion_id,medicamento_id) values (medicamento_presentacion_seq.nextval,4,439);
insert into medicamento_presentacion(medicamento_presentacion_id,presentacion_id,medicamento_id) values (medicamento_presentacion_seq.nextval,2,468);
insert into medicamento_presentacion(medicamento_presentacion_id,presentacion_id,medicamento_id) values (medicamento_presentacion_seq.nextval,1,620);
insert into medicamento_presentacion(medicamento_presentacion_id,presentacion_id,medicamento_id) values (medicamento_presentacion_seq.nextval,4,777);
insert into medicamento_presentacion(medicamento_presentacion_id,presentacion_id,medicamento_id) values (medicamento_presentacion_seq.nextval,5,1101);
insert into medicamento_presentacion(medicamento_presentacion_id,presentacion_id,medicamento_id) values (medicamento_presentacion_seq.nextval,5,1430);
insert into medicamento_presentacion(medicamento_presentacion_id,presentacion_id,medicamento_id) values (medicamento_presentacion_seq.nextval,5,565);
insert into medicamento_presentacion(medicamento_presentacion_id,presentacion_id,medicamento_id) values (medicamento_presentacion_seq.nextval,5,902);
insert into medicamento_presentacion(medicamento_presentacion_id,presentacion_id,medicamento_id) values (medicamento_presentacion_seq.nextval,3,745);
insert into medicamento_presentacion(medicamento_presentacion_id,presentacion_id,medicamento_id) values (medicamento_presentacion_seq.nextval,3,454);
insert into medicamento_presentacion(medicamento_presentacion_id,presentacion_id,medicamento_id) values (medicamento_presentacion_seq.nextval,4,464);
insert into medicamento_presentacion(medicamento_presentacion_id,presentacion_id,medicamento_id) values (medicamento_presentacion_seq.nextval,2,755);
insert into medicamento_presentacion(medicamento_presentacion_id,presentacion_id,medicamento_id) values (medicamento_presentacion_seq.nextval,2,1111);
insert into medicamento_presentacion(medicamento_presentacion_id,presentacion_id,medicamento_id) values (medicamento_presentacion_seq.nextval,1,181);
insert into medicamento_presentacion(medicamento_presentacion_id,presentacion_id,medicamento_id) values (medicamento_presentacion_seq.nextval,4,929);
insert into medicamento_presentacion(medicamento_presentacion_id,presentacion_id,medicamento_id) values (medicamento_presentacion_seq.nextval,2,429);
insert into medicamento_presentacion(medicamento_presentacion_id,presentacion_id,medicamento_id) values (medicamento_presentacion_seq.nextval,1,660);
insert into medicamento_presentacion(medicamento_presentacion_id,presentacion_id,medicamento_id) values (medicamento_presentacion_seq.nextval,1,941);

--EVENTO ALMACEN
PROMPT CREANDO EVENTO ALMACEN

insert into evento_almacen(evento_almacen_id,fecha_evento,tipo_evento,clave_centro_operaciones,empleado_id) values(evento_almacen_seq.nextval,to_date('05/10/2021','dd/mm/yyyy'),'SALIDA','66CIZA',34);
insert into evento_almacen(evento_almacen_id,fecha_evento,tipo_evento,clave_centro_operaciones,empleado_id) values(evento_almacen_seq.nextval,to_date('30/10/2021','dd/mm/yyyy'),'SALIDA','0Q5HBR',6);
insert into evento_almacen(evento_almacen_id,fecha_evento,tipo_evento,clave_centro_operaciones,empleado_id) values(evento_almacen_seq.nextval,to_date('28/06/2020','dd/mm/yyyy'),'ENTRADA','PPLA64',6);
insert into evento_almacen(evento_almacen_id,fecha_evento,tipo_evento,clave_centro_operaciones,empleado_id) values(evento_almacen_seq.nextval,to_date('10/10/2019','dd/mm/yyyy'),'ENTRADA','6X3A87',43);
insert into evento_almacen(evento_almacen_id,fecha_evento,tipo_evento,clave_centro_operaciones,empleado_id) values(evento_almacen_seq.nextval,to_date('22/11/2020','dd/mm/yyyy'),'ENTRADA','TWPSVY',1);
insert into evento_almacen(evento_almacen_id,fecha_evento,tipo_evento,clave_centro_operaciones,empleado_id) values(evento_almacen_seq.nextval,to_date('11/11/2019','dd/mm/yyyy'),'ENTRADA','MFD9LH',39);
insert into evento_almacen(evento_almacen_id,fecha_evento,tipo_evento,clave_centro_operaciones,empleado_id) values(evento_almacen_seq.nextval,to_date('31/12/2019','dd/mm/yyyy'),'ENTRADA','F1OSTA',40);
insert into evento_almacen(evento_almacen_id,fecha_evento,tipo_evento,clave_centro_operaciones,empleado_id) values(evento_almacen_seq.nextval,to_date('12/05/2021','dd/mm/yyyy'),'ENTRADA','DVZW87',44);
insert into evento_almacen(evento_almacen_id,fecha_evento,tipo_evento,clave_centro_operaciones,empleado_id) values(evento_almacen_seq.nextval,to_date('15/02/2021','dd/mm/yyyy'),'ENTRADA','5O6IBJ',28);
insert into evento_almacen(evento_almacen_id,fecha_evento,tipo_evento,clave_centro_operaciones,empleado_id) values(evento_almacen_seq.nextval,to_date('30/09/2021','dd/mm/yyyy'),'SALIDA','7H4HVM',54);
insert into evento_almacen(evento_almacen_id,fecha_evento,tipo_evento,clave_centro_operaciones,empleado_id) values(evento_almacen_seq.nextval,to_date('04/04/2020','dd/mm/yyyy'),'ENTRADA','7ITR2W',30);
insert into evento_almacen(evento_almacen_id,fecha_evento,tipo_evento,clave_centro_operaciones,empleado_id) values(evento_almacen_seq.nextval,to_date('29/01/2019','dd/mm/yyyy'),'SALIDA','A10NRY',31);
insert into evento_almacen(evento_almacen_id,fecha_evento,tipo_evento,clave_centro_operaciones,empleado_id) values(evento_almacen_seq.nextval,to_date('09/03/2020','dd/mm/yyyy'),'ENTRADA','LJ6H71',8);
insert into evento_almacen(evento_almacen_id,fecha_evento,tipo_evento,clave_centro_operaciones,empleado_id) values(evento_almacen_seq.nextval,to_date('23/01/2019','dd/mm/yyyy'),'SALIDA','ZPFMAO',5);
insert into evento_almacen(evento_almacen_id,fecha_evento,tipo_evento,clave_centro_operaciones,empleado_id) values(evento_almacen_seq.nextval,to_date('13/11/2021','dd/mm/yyyy'),'ENTRADA','DJORGI',2);
insert into evento_almacen(evento_almacen_id,fecha_evento,tipo_evento,clave_centro_operaciones,empleado_id) values(evento_almacen_seq.nextval,to_date('25/03/2020','dd/mm/yyyy'),'ENTRADA','SUTOP0',22);
insert into evento_almacen(evento_almacen_id,fecha_evento,tipo_evento,clave_centro_operaciones,empleado_id) values(evento_almacen_seq.nextval,to_date('29/10/2021','dd/mm/yyyy'),'ENTRADA','QH38GA',37);
insert into evento_almacen(evento_almacen_id,fecha_evento,tipo_evento,clave_centro_operaciones,empleado_id) values(evento_almacen_seq.nextval,to_date('17/09/2021','dd/mm/yyyy'),'SALIDA','PJ5A2T',59);
insert into evento_almacen(evento_almacen_id,fecha_evento,tipo_evento,clave_centro_operaciones,empleado_id) values(evento_almacen_seq.nextval,to_date('13/01/2019','dd/mm/yyyy'),'ENTRADA','OOU3EK',2);
insert into evento_almacen(evento_almacen_id,fecha_evento,tipo_evento,clave_centro_operaciones,empleado_id) values(evento_almacen_seq.nextval,to_date('29/01/2020','dd/mm/yyyy'),'ENTRADA','8WDXP4',55);
insert into evento_almacen(evento_almacen_id,fecha_evento,tipo_evento,clave_centro_operaciones,empleado_id) values(evento_almacen_seq.nextval,to_date('24/12/2019','dd/mm/yyyy'),'SALIDA','66CIZA',54);
insert into evento_almacen(evento_almacen_id,fecha_evento,tipo_evento,clave_centro_operaciones,empleado_id) values(evento_almacen_seq.nextval,to_date('16/02/2021','dd/mm/yyyy'),'SALIDA','0Q5HBR',11);
insert into evento_almacen(evento_almacen_id,fecha_evento,tipo_evento,clave_centro_operaciones,empleado_id) values(evento_almacen_seq.nextval,to_date('13/08/2019','dd/mm/yyyy'),'ENTRADA','PPLA64',24);
insert into evento_almacen(evento_almacen_id,fecha_evento,tipo_evento,clave_centro_operaciones,empleado_id) values(evento_almacen_seq.nextval,to_date('14/01/2019','dd/mm/yyyy'),'SALIDA','6X3A87',47);
insert into evento_almacen(evento_almacen_id,fecha_evento,tipo_evento,clave_centro_operaciones,empleado_id) values(evento_almacen_seq.nextval,to_date('03/10/2021','dd/mm/yyyy'),'SALIDA','TWPSVY',2);
insert into evento_almacen(evento_almacen_id,fecha_evento,tipo_evento,clave_centro_operaciones,empleado_id) values(evento_almacen_seq.nextval,to_date('30/01/2020','dd/mm/yyyy'),'SALIDA','MFD9LH',32);
insert into evento_almacen(evento_almacen_id,fecha_evento,tipo_evento,clave_centro_operaciones,empleado_id) values(evento_almacen_seq.nextval,to_date('08/04/2021','dd/mm/yyyy'),'SALIDA','F1OSTA',27);
insert into evento_almacen(evento_almacen_id,fecha_evento,tipo_evento,clave_centro_operaciones,empleado_id) values(evento_almacen_seq.nextval,to_date('08/05/2020','dd/mm/yyyy'),'SALIDA','DVZW87',52);
insert into evento_almacen(evento_almacen_id,fecha_evento,tipo_evento,clave_centro_operaciones,empleado_id) values(evento_almacen_seq.nextval,to_date('04/09/2021','dd/mm/yyyy'),'ENTRADA','5O6IBJ',29);
insert into evento_almacen(evento_almacen_id,fecha_evento,tipo_evento,clave_centro_operaciones,empleado_id) values(evento_almacen_seq.nextval,to_date('30/03/2020','dd/mm/yyyy'),'SALIDA','7H4HVM',22);
insert into evento_almacen(evento_almacen_id,fecha_evento,tipo_evento,clave_centro_operaciones,empleado_id) values(evento_almacen_seq.nextval,to_date('16/11/2020','dd/mm/yyyy'),'SALIDA','7ITR2W',34);
insert into evento_almacen(evento_almacen_id,fecha_evento,tipo_evento,clave_centro_operaciones,empleado_id) values(evento_almacen_seq.nextval,to_date('27/03/2021','dd/mm/yyyy'),'ENTRADA','A10NRY',7);
insert into evento_almacen(evento_almacen_id,fecha_evento,tipo_evento,clave_centro_operaciones,empleado_id) values(evento_almacen_seq.nextval,to_date('28/02/2021','dd/mm/yyyy'),'ENTRADA','LJ6H71',55);
insert into evento_almacen(evento_almacen_id,fecha_evento,tipo_evento,clave_centro_operaciones,empleado_id) values(evento_almacen_seq.nextval,to_date('13/11/2019','dd/mm/yyyy'),'SALIDA','ZPFMAO',13);
insert into evento_almacen(evento_almacen_id,fecha_evento,tipo_evento,clave_centro_operaciones,empleado_id) values(evento_almacen_seq.nextval,to_date('17/08/2021','dd/mm/yyyy'),'ENTRADA','DJORGI',27);
insert into evento_almacen(evento_almacen_id,fecha_evento,tipo_evento,clave_centro_operaciones,empleado_id) values(evento_almacen_seq.nextval,to_date('08/02/2020','dd/mm/yyyy'),'SALIDA','SUTOP0',30);
insert into evento_almacen(evento_almacen_id,fecha_evento,tipo_evento,clave_centro_operaciones,empleado_id) values(evento_almacen_seq.nextval,to_date('28/07/2019','dd/mm/yyyy'),'SALIDA','QH38GA',7);
insert into evento_almacen(evento_almacen_id,fecha_evento,tipo_evento,clave_centro_operaciones,empleado_id) values(evento_almacen_seq.nextval,to_date('03/10/2021','dd/mm/yyyy'),'ENTRADA','PJ5A2T',44);
insert into evento_almacen(evento_almacen_id,fecha_evento,tipo_evento,clave_centro_operaciones,empleado_id) values(evento_almacen_seq.nextval,to_date('25/03/2020','dd/mm/yyyy'),'ENTRADA','OOU3EK',31);
insert into evento_almacen(evento_almacen_id,fecha_evento,tipo_evento,clave_centro_operaciones,empleado_id) values(evento_almacen_seq.nextval,to_date('09/07/2021','dd/mm/yyyy'),'SALIDA','8WDXP4',11);

--OPERACION EVENTO MEDICAMENTO
PROMPT CREANDO OPERACION EVENTO MEDICAMENTO
insert into operacion_evento_medicamento(evento_medicamento_id, numero_unidades, evento_almacen_id, medicamento_presentacion_id) values(operacion_evento_medicamento_seq.nextval,780,14,17);
insert into operacion_evento_medicamento(evento_medicamento_id, numero_unidades, evento_almacen_id, medicamento_presentacion_id) values(operacion_evento_medicamento_seq.nextval,72,34,96);
insert into operacion_evento_medicamento(evento_medicamento_id, numero_unidades, evento_almacen_id, medicamento_presentacion_id) values(operacion_evento_medicamento_seq.nextval,371,33,143);
insert into operacion_evento_medicamento(evento_medicamento_id, numero_unidades, evento_almacen_id, medicamento_presentacion_id) values(operacion_evento_medicamento_seq.nextval,100,30,88);
insert into operacion_evento_medicamento(evento_medicamento_id, numero_unidades, evento_almacen_id, medicamento_presentacion_id) values(operacion_evento_medicamento_seq.nextval,248,34,168);
insert into operacion_evento_medicamento(evento_medicamento_id, numero_unidades, evento_almacen_id, medicamento_presentacion_id) values(operacion_evento_medicamento_seq.nextval,525,18,87);
insert into operacion_evento_medicamento(evento_medicamento_id, numero_unidades, evento_almacen_id, medicamento_presentacion_id) values(operacion_evento_medicamento_seq.nextval,8,24,199);
insert into operacion_evento_medicamento(evento_medicamento_id, numero_unidades, evento_almacen_id, medicamento_presentacion_id) values(operacion_evento_medicamento_seq.nextval,373,20,151);
insert into operacion_evento_medicamento(evento_medicamento_id, numero_unidades, evento_almacen_id, medicamento_presentacion_id) values(operacion_evento_medicamento_seq.nextval,860,6,199);
insert into operacion_evento_medicamento(evento_medicamento_id, numero_unidades, evento_almacen_id, medicamento_presentacion_id) values(operacion_evento_medicamento_seq.nextval,488,36,80);
insert into operacion_evento_medicamento(evento_medicamento_id, numero_unidades, evento_almacen_id, medicamento_presentacion_id) values(operacion_evento_medicamento_seq.nextval,123,31,122);
insert into operacion_evento_medicamento(evento_medicamento_id, numero_unidades, evento_almacen_id, medicamento_presentacion_id) values(operacion_evento_medicamento_seq.nextval,652,40,167);
insert into operacion_evento_medicamento(evento_medicamento_id, numero_unidades, evento_almacen_id, medicamento_presentacion_id) values(operacion_evento_medicamento_seq.nextval,997,33,172);
insert into operacion_evento_medicamento(evento_medicamento_id, numero_unidades, evento_almacen_id, medicamento_presentacion_id) values(operacion_evento_medicamento_seq.nextval,747,15,52);
insert into operacion_evento_medicamento(evento_medicamento_id, numero_unidades, evento_almacen_id, medicamento_presentacion_id) values(operacion_evento_medicamento_seq.nextval,801,23,157);
insert into operacion_evento_medicamento(evento_medicamento_id, numero_unidades, evento_almacen_id, medicamento_presentacion_id) values(operacion_evento_medicamento_seq.nextval,234,11,124);
insert into operacion_evento_medicamento(evento_medicamento_id, numero_unidades, evento_almacen_id, medicamento_presentacion_id) values(operacion_evento_medicamento_seq.nextval,149,7,168);
insert into operacion_evento_medicamento(evento_medicamento_id, numero_unidades, evento_almacen_id, medicamento_presentacion_id) values(operacion_evento_medicamento_seq.nextval,15,22,118);
insert into operacion_evento_medicamento(evento_medicamento_id, numero_unidades, evento_almacen_id, medicamento_presentacion_id) values(operacion_evento_medicamento_seq.nextval,910,38,131);
insert into operacion_evento_medicamento(evento_medicamento_id, numero_unidades, evento_almacen_id, medicamento_presentacion_id) values(operacion_evento_medicamento_seq.nextval,831,4,23);
insert into operacion_evento_medicamento(evento_medicamento_id, numero_unidades, evento_almacen_id, medicamento_presentacion_id) values(operacion_evento_medicamento_seq.nextval,842,23,74);
insert into operacion_evento_medicamento(evento_medicamento_id, numero_unidades, evento_almacen_id, medicamento_presentacion_id) values(operacion_evento_medicamento_seq.nextval,61,21,15);
insert into operacion_evento_medicamento(evento_medicamento_id, numero_unidades, evento_almacen_id, medicamento_presentacion_id) values(operacion_evento_medicamento_seq.nextval,14,27,26);
insert into operacion_evento_medicamento(evento_medicamento_id, numero_unidades, evento_almacen_id, medicamento_presentacion_id) values(operacion_evento_medicamento_seq.nextval,701,32,9);
insert into operacion_evento_medicamento(evento_medicamento_id, numero_unidades, evento_almacen_id, medicamento_presentacion_id) values(operacion_evento_medicamento_seq.nextval,828,5,30);
insert into operacion_evento_medicamento(evento_medicamento_id, numero_unidades, evento_almacen_id, medicamento_presentacion_id) values(operacion_evento_medicamento_seq.nextval,390,22,36);
insert into operacion_evento_medicamento(evento_medicamento_id, numero_unidades, evento_almacen_id, medicamento_presentacion_id) values(operacion_evento_medicamento_seq.nextval,476,17,27);
insert into operacion_evento_medicamento(evento_medicamento_id, numero_unidades, evento_almacen_id, medicamento_presentacion_id) values(operacion_evento_medicamento_seq.nextval,756,2,16);
insert into operacion_evento_medicamento(evento_medicamento_id, numero_unidades, evento_almacen_id, medicamento_presentacion_id) values(operacion_evento_medicamento_seq.nextval,910,34,76);
insert into operacion_evento_medicamento(evento_medicamento_id, numero_unidades, evento_almacen_id, medicamento_presentacion_id) values(operacion_evento_medicamento_seq.nextval,193,2,35);
insert into operacion_evento_medicamento(evento_medicamento_id, numero_unidades, evento_almacen_id, medicamento_presentacion_id) values(operacion_evento_medicamento_seq.nextval,431,13,158);
insert into operacion_evento_medicamento(evento_medicamento_id, numero_unidades, evento_almacen_id, medicamento_presentacion_id) values(operacion_evento_medicamento_seq.nextval,537,25,72);
insert into operacion_evento_medicamento(evento_medicamento_id, numero_unidades, evento_almacen_id, medicamento_presentacion_id) values(operacion_evento_medicamento_seq.nextval,139,28,193);
insert into operacion_evento_medicamento(evento_medicamento_id, numero_unidades, evento_almacen_id, medicamento_presentacion_id) values(operacion_evento_medicamento_seq.nextval,972,29,150);
insert into operacion_evento_medicamento(evento_medicamento_id, numero_unidades, evento_almacen_id, medicamento_presentacion_id) values(operacion_evento_medicamento_seq.nextval,416,16,184);
insert into operacion_evento_medicamento(evento_medicamento_id, numero_unidades, evento_almacen_id, medicamento_presentacion_id) values(operacion_evento_medicamento_seq.nextval,491,33,13);
insert into operacion_evento_medicamento(evento_medicamento_id, numero_unidades, evento_almacen_id, medicamento_presentacion_id) values(operacion_evento_medicamento_seq.nextval,590,34,180);
insert into operacion_evento_medicamento(evento_medicamento_id, numero_unidades, evento_almacen_id, medicamento_presentacion_id) values(operacion_evento_medicamento_seq.nextval,243,31,58);
insert into operacion_evento_medicamento(evento_medicamento_id, numero_unidades, evento_almacen_id, medicamento_presentacion_id) values(operacion_evento_medicamento_seq.nextval,416,38,4);
insert into operacion_evento_medicamento(evento_medicamento_id, numero_unidades, evento_almacen_id, medicamento_presentacion_id) values(operacion_evento_medicamento_seq.nextval,340,16,103);
insert into operacion_evento_medicamento(evento_medicamento_id, numero_unidades, evento_almacen_id, medicamento_presentacion_id) values(operacion_evento_medicamento_seq.nextval,692,2,8);
insert into operacion_evento_medicamento(evento_medicamento_id, numero_unidades, evento_almacen_id, medicamento_presentacion_id) values(operacion_evento_medicamento_seq.nextval,402,2,174);
insert into operacion_evento_medicamento(evento_medicamento_id, numero_unidades, evento_almacen_id, medicamento_presentacion_id) values(operacion_evento_medicamento_seq.nextval,756,29,140);
insert into operacion_evento_medicamento(evento_medicamento_id, numero_unidades, evento_almacen_id, medicamento_presentacion_id) values(operacion_evento_medicamento_seq.nextval,569,3,86);
insert into operacion_evento_medicamento(evento_medicamento_id, numero_unidades, evento_almacen_id, medicamento_presentacion_id) values(operacion_evento_medicamento_seq.nextval,787,38,127);
insert into operacion_evento_medicamento(evento_medicamento_id, numero_unidades, evento_almacen_id, medicamento_presentacion_id) values(operacion_evento_medicamento_seq.nextval,945,24,83);
insert into operacion_evento_medicamento(evento_medicamento_id, numero_unidades, evento_almacen_id, medicamento_presentacion_id) values(operacion_evento_medicamento_seq.nextval,732,27,105);
insert into operacion_evento_medicamento(evento_medicamento_id, numero_unidades, evento_almacen_id, medicamento_presentacion_id) values(operacion_evento_medicamento_seq.nextval,324,35,159);
insert into operacion_evento_medicamento(evento_medicamento_id, numero_unidades, evento_almacen_id, medicamento_presentacion_id) values(operacion_evento_medicamento_seq.nextval,552,8,105);
insert into operacion_evento_medicamento(evento_medicamento_id, numero_unidades, evento_almacen_id, medicamento_presentacion_id) values(operacion_evento_medicamento_seq.nextval,920,15,26);
insert into operacion_evento_medicamento(evento_medicamento_id, numero_unidades, evento_almacen_id, medicamento_presentacion_id) values(operacion_evento_medicamento_seq.nextval,363,12,82);
insert into operacion_evento_medicamento(evento_medicamento_id, numero_unidades, evento_almacen_id, medicamento_presentacion_id) values(operacion_evento_medicamento_seq.nextval,468,28,161);
insert into operacion_evento_medicamento(evento_medicamento_id, numero_unidades, evento_almacen_id, medicamento_presentacion_id) values(operacion_evento_medicamento_seq.nextval,203,4,64);
insert into operacion_evento_medicamento(evento_medicamento_id, numero_unidades, evento_almacen_id, medicamento_presentacion_id) values(operacion_evento_medicamento_seq.nextval,355,19,109);
insert into operacion_evento_medicamento(evento_medicamento_id, numero_unidades, evento_almacen_id, medicamento_presentacion_id) values(operacion_evento_medicamento_seq.nextval,882,8,42);
insert into operacion_evento_medicamento(evento_medicamento_id, numero_unidades, evento_almacen_id, medicamento_presentacion_id) values(operacion_evento_medicamento_seq.nextval,718,17,153);
insert into operacion_evento_medicamento(evento_medicamento_id, numero_unidades, evento_almacen_id, medicamento_presentacion_id) values(operacion_evento_medicamento_seq.nextval,489,7,91);
insert into operacion_evento_medicamento(evento_medicamento_id, numero_unidades, evento_almacen_id, medicamento_presentacion_id) values(operacion_evento_medicamento_seq.nextval,892,14,180);
insert into operacion_evento_medicamento(evento_medicamento_id, numero_unidades, evento_almacen_id, medicamento_presentacion_id) values(operacion_evento_medicamento_seq.nextval,456,12,69);
insert into operacion_evento_medicamento(evento_medicamento_id, numero_unidades, evento_almacen_id, medicamento_presentacion_id) values(operacion_evento_medicamento_seq.nextval,43,28,187);


--PEDIDO
PROMPT CREANDO PEDIDO

insert into pedido(pedido_id, folio, fecha_pedido,fecha_status,importe,cliente_id,status_pedido_id,ubicacion_actual_id) values(pedido_seq.nextval,'EMYY04LL4YXYE',to_date('07/09/2019','dd/mm/yyyy'),to_date('25/12/2020','dd/mm/yyyy'),2751.99,1,2,97);
insert into pedido(pedido_id, folio, fecha_pedido,fecha_status,importe,cliente_id,status_pedido_id,ubicacion_actual_id) values(pedido_seq.nextval,'Y2OZMWJAJ299I',to_date('18/07/2020','dd/mm/yyyy'),to_date('24/04/2021','dd/mm/yyyy'),2102.65,1,1,null);
insert into pedido(pedido_id, folio, fecha_pedido,fecha_status,importe,cliente_id,status_pedido_id,ubicacion_actual_id) values(pedido_seq.nextval,'WMPDYLTVZLC09',to_date('12/06/2020','dd/mm/yyyy'),to_date('01/07/2021','dd/mm/yyyy'),4918.52,11,1,null);
insert into pedido(pedido_id, folio, fecha_pedido,fecha_status,importe,cliente_id,status_pedido_id,ubicacion_actual_id) values(pedido_seq.nextval,'P9ZBSYOMFQRKU',to_date('24/06/2020','dd/mm/yyyy'),to_date('17/08/2020','dd/mm/yyyy'),2994.51,4,5,null);
insert into pedido(pedido_id, folio, fecha_pedido,fecha_status,importe,cliente_id,status_pedido_id,ubicacion_actual_id) values(pedido_seq.nextval,'DGYN8XA0IMRYE',to_date('02/12/2020','dd/mm/yyyy'),to_date('16/12/2021','dd/mm/yyyy'),691.49,4,5,10);
insert into pedido(pedido_id, folio, fecha_pedido,fecha_status,importe,cliente_id,status_pedido_id,ubicacion_actual_id) values(pedido_seq.nextval,'3ZI20ZKMGGEH7',to_date('10/01/2020','dd/mm/yyyy'),to_date('16/11/2020','dd/mm/yyyy'),3800.87,4,2,56);
insert into pedido(pedido_id, folio, fecha_pedido,fecha_status,importe,cliente_id,status_pedido_id,ubicacion_actual_id) values(pedido_seq.nextval,'JM6AG0E8TJHHB',to_date('18/03/2020','dd/mm/yyyy'),to_date('25/04/2020','dd/mm/yyyy'),331.0,5,4,null);
insert into pedido(pedido_id, folio, fecha_pedido,fecha_status,importe,cliente_id,status_pedido_id,ubicacion_actual_id) values(pedido_seq.nextval,'DER1SLPZMNUPN',to_date('03/01/2021','dd/mm/yyyy'),to_date('30/09/2021','dd/mm/yyyy'),1692.96,11,1,null);
insert into pedido(pedido_id, folio, fecha_pedido,fecha_status,importe,cliente_id,status_pedido_id,ubicacion_actual_id) values(pedido_seq.nextval,'5WMPUI7N05ZEN',to_date('19/09/2021','dd/mm/yyyy'),to_date('26/10/2021','dd/mm/yyyy'),1850.53,7,3,98);
insert into pedido(pedido_id, folio, fecha_pedido,fecha_status,importe,cliente_id,status_pedido_id,ubicacion_actual_id) values(pedido_seq.nextval,'VTOS64QYON487',to_date('25/10/2020','dd/mm/yyyy'),to_date('04/05/2021','dd/mm/yyyy'),3388.43,10,5,null);
insert into pedido(pedido_id, folio, fecha_pedido,fecha_status,importe,cliente_id,status_pedido_id,ubicacion_actual_id) values(pedido_seq.nextval,'U4VB76XNM1M74',to_date('19/06/2020','dd/mm/yyyy'),to_date('24/10/2021','dd/mm/yyyy'),474.1,8,3,46);
insert into pedido(pedido_id, folio, fecha_pedido,fecha_status,importe,cliente_id,status_pedido_id,ubicacion_actual_id) values(pedido_seq.nextval,'UJKR8OBBZS2LE',to_date('01/01/2021','dd/mm/yyyy'),to_date('21/02/2021','dd/mm/yyyy'),2320.02,3,2,12);
insert into pedido(pedido_id, folio, fecha_pedido,fecha_status,importe,cliente_id,status_pedido_id,ubicacion_actual_id) values(pedido_seq.nextval,'HOBT36P73QXWL',to_date('05/11/2021','dd/mm/yyyy'),to_date('03/03/2022','dd/mm/yyyy'),2745.96,12,5,null);
insert into pedido(pedido_id, folio, fecha_pedido,fecha_status,importe,cliente_id,status_pedido_id,ubicacion_actual_id) values(pedido_seq.nextval,'GNRCXNOVANMT0',to_date('13/07/2020','dd/mm/yyyy'),to_date('16/05/2020','dd/mm/yyyy'),717.32,10,3,32);
insert into pedido(pedido_id, folio, fecha_pedido,fecha_status,importe,cliente_id,status_pedido_id,ubicacion_actual_id) values(pedido_seq.nextval,'ZGTYKATCOXGHF',to_date('17/01/2020','dd/mm/yyyy'),to_date('24/04/2021','dd/mm/yyyy'),4293.16,6,4,null);
insert into pedido(pedido_id, folio, fecha_pedido,fecha_status,importe,cliente_id,status_pedido_id,ubicacion_actual_id) values(pedido_seq.nextval,'OGFQAZBNMUNA4',to_date('22/12/2020','dd/mm/yyyy'),to_date('11/02/2021','dd/mm/yyyy'),2391.55,10,2,18);
insert into pedido(pedido_id, folio, fecha_pedido,fecha_status,importe,cliente_id,status_pedido_id,ubicacion_actual_id) values(pedido_seq.nextval,'YD36W6BPSXQTM',to_date('10/03/2021','dd/mm/yyyy'),to_date('10/03/2021','dd/mm/yyyy'),542.98,11,3,16);
insert into pedido(pedido_id, folio, fecha_pedido,fecha_status,importe,cliente_id,status_pedido_id,ubicacion_actual_id) values(pedido_seq.nextval,'26ZMKD3N7YME1',to_date('04/08/2021','dd/mm/yyyy'),to_date('01/08/2020','dd/mm/yyyy'),669.73,4,2,93);
insert into pedido(pedido_id, folio, fecha_pedido,fecha_status,importe,cliente_id,status_pedido_id,ubicacion_actual_id) values(pedido_seq.nextval,'BS980KZ1YMJPR',to_date('05/06/2021','dd/mm/yyyy'),to_date('10/02/2021','dd/mm/yyyy'),2593.4,1,3,36);
insert into pedido(pedido_id, folio, fecha_pedido,fecha_status,importe,cliente_id,status_pedido_id,ubicacion_actual_id) values(pedido_seq.nextval,'VMIJYWRGFW40V',to_date('14/07/2020','dd/mm/yyyy'),to_date('02/03/2020','dd/mm/yyyy'),324.96,3,3,1);
insert into pedido(pedido_id, folio, fecha_pedido,fecha_status,importe,cliente_id,status_pedido_id,ubicacion_actual_id) values(pedido_seq.nextval,'2S335FDLH98RK',to_date('29/03/2020','dd/mm/yyyy'),to_date('08/05/2021','dd/mm/yyyy'),1628.75,3,5,null);
insert into pedido(pedido_id, folio, fecha_pedido,fecha_status,importe,cliente_id,status_pedido_id,ubicacion_actual_id) values(pedido_seq.nextval,'1M6DQT1ZI90F9',to_date('28/08/2021','dd/mm/yyyy'),to_date('26/11/2021','dd/mm/yyyy'),4360.69,8,2,4);
insert into pedido(pedido_id, folio, fecha_pedido,fecha_status,importe,cliente_id,status_pedido_id,ubicacion_actual_id) values(pedido_seq.nextval,'87IWXRGWKW53G',to_date('09/11/2020','dd/mm/yyyy'),to_date('21/02/2020','dd/mm/yyyy'),711.58,9,3,7);
insert into pedido(pedido_id, folio, fecha_pedido,fecha_status,importe,cliente_id,status_pedido_id,ubicacion_actual_id) values(pedido_seq.nextval,'PVF5RHGRHK7Y0',to_date('16/12/2021','dd/mm/yyyy'),to_date('09/06/2021','dd/mm/yyyy'),2527.97,9,1,null);
insert into pedido(pedido_id, folio, fecha_pedido,fecha_status,importe,cliente_id,status_pedido_id,ubicacion_actual_id) values(pedido_seq.nextval,'VGF69474G0RKR',to_date('20/08/2021','dd/mm/yyyy'),to_date('23/03/2021','dd/mm/yyyy'),4037.81,3,1,null);
insert into pedido(pedido_id, folio, fecha_pedido,fecha_status,importe,cliente_id,status_pedido_id,ubicacion_actual_id) values(pedido_seq.nextval,'O14HSBYIGQS72',to_date('25/08/2020','dd/mm/yyyy'),to_date('22/02/2021','dd/mm/yyyy'),2629.08,2,2,7);
insert into pedido(pedido_id, folio, fecha_pedido,fecha_status,importe,cliente_id,status_pedido_id,ubicacion_actual_id) values(pedido_seq.nextval,'1PSURTL1MP9JW',to_date('18/03/2021','dd/mm/yyyy'),to_date('07/03/2021','dd/mm/yyyy'),2265.76,12,2,15);
insert into pedido(pedido_id, folio, fecha_pedido,fecha_status,importe,cliente_id,status_pedido_id,ubicacion_actual_id) values(pedido_seq.nextval,'CS3AKUTK53T7J',to_date('07/08/2020','dd/mm/yyyy'),to_date('02/01/2022','dd/mm/yyyy'),2656.17,11,4,null);
insert into pedido(pedido_id, folio, fecha_pedido,fecha_status,importe,cliente_id,status_pedido_id,ubicacion_actual_id) values(pedido_seq.nextval,'ZDNVHW73ULF8P',to_date('17/09/2021','dd/mm/yyyy'),to_date('17/07/2020','dd/mm/yyyy'),4917.15,12,3,18);
insert into pedido(pedido_id, folio, fecha_pedido,fecha_status,importe,cliente_id,status_pedido_id,ubicacion_actual_id) values(pedido_seq.nextval,'CYPWYD17SIH59',to_date('19/01/2021','dd/mm/yyyy'),to_date('28/08/2020','dd/mm/yyyy'),735.3,5,1,null);
insert into pedido(pedido_id, folio, fecha_pedido,fecha_status,importe,cliente_id,status_pedido_id,ubicacion_actual_id) values(pedido_seq.nextval,'F5VY77NRR11BE',to_date('24/01/2020','dd/mm/yyyy'),to_date('10/06/2020','dd/mm/yyyy'),2396.95,11,3,24);
insert into pedido(pedido_id, folio, fecha_pedido,fecha_status,importe,cliente_id,status_pedido_id,ubicacion_actual_id) values(pedido_seq.nextval,'A47DNAJOORD3P',to_date('18/02/2020','dd/mm/yyyy'),to_date('26/06/2021','dd/mm/yyyy'),3037.82,2,4,null);
insert into pedido(pedido_id, folio, fecha_pedido,fecha_status,importe,cliente_id,status_pedido_id,ubicacion_actual_id) values(pedido_seq.nextval,'GTEIWAQQ9QIYU',to_date('15/02/2020','dd/mm/yyyy'),to_date('09/12/2021','dd/mm/yyyy'),3306.31,2,5,null);
insert into pedido(pedido_id, folio, fecha_pedido,fecha_status,importe,cliente_id,status_pedido_id,ubicacion_actual_id) values(pedido_seq.nextval,'HY360QTC9R3WJ',to_date('26/02/2020','dd/mm/yyyy'),to_date('24/01/2020','dd/mm/yyyy'),2256.56,9,1,null);
insert into pedido(pedido_id, folio, fecha_pedido,fecha_status,importe,cliente_id,status_pedido_id,ubicacion_actual_id) values(pedido_seq.nextval,'1EQ211C93VD75',to_date('26/04/2020','dd/mm/yyyy'),to_date('21/01/2021','dd/mm/yyyy'),4478.53,9,4,null);
insert into pedido(pedido_id, folio, fecha_pedido,fecha_status,importe,cliente_id,status_pedido_id,ubicacion_actual_id) values(pedido_seq.nextval,'J0H8NMFYUSOM5',to_date('14/02/2021','dd/mm/yyyy'),to_date('23/05/2021','dd/mm/yyyy'),3404.52,12,1,null);
insert into pedido(pedido_id, folio, fecha_pedido,fecha_status,importe,cliente_id,status_pedido_id,ubicacion_actual_id) values(pedido_seq.nextval,'B45N7Y41V56B5',to_date('09/02/2021','dd/mm/yyyy'),to_date('11/04/2021','dd/mm/yyyy'),1360.66,6,2,9);
insert into pedido(pedido_id, folio, fecha_pedido,fecha_status,importe,cliente_id,status_pedido_id,ubicacion_actual_id) values(pedido_seq.nextval,'QDT8LVJ5WUUZD',to_date('01/11/2020','dd/mm/yyyy'),to_date('30/08/2021','dd/mm/yyyy'),2128.73,1,2,84);
insert into pedido(pedido_id, folio, fecha_pedido,fecha_status,importe,cliente_id,status_pedido_id,ubicacion_actual_id) values(pedido_seq.nextval,'M0RR28TH2CIZ8',to_date('26/09/2020','dd/mm/yyyy'),to_date('15/08/2020','dd/mm/yyyy'),4576.52,5,1,null);
insert into pedido(pedido_id, folio, fecha_pedido,fecha_status,importe,cliente_id,status_pedido_id,ubicacion_actual_id) values(pedido_seq.nextval,'QNAR25GPX177P',to_date('12/08/2020','dd/mm/yyyy'),to_date('27/01/2020','dd/mm/yyyy'),220.46,10,1,12);
insert into pedido(pedido_id, folio, fecha_pedido,fecha_status,importe,cliente_id,status_pedido_id,ubicacion_actual_id) values(pedido_seq.nextval,'5P9UXVBIJ6EWH',to_date('16/12/2021','dd/mm/yyyy'),to_date('23/10/2020','dd/mm/yyyy'),83.92,3,2,18);
insert into pedido(pedido_id, folio, fecha_pedido,fecha_status,importe,cliente_id,status_pedido_id,ubicacion_actual_id) values(pedido_seq.nextval,'64TW5ZYHPOQBP',to_date('08/10/2021','dd/mm/yyyy'),to_date('03/02/2021','dd/mm/yyyy'),197.67,6,4,null);
insert into pedido(pedido_id, folio, fecha_pedido,fecha_status,importe,cliente_id,status_pedido_id,ubicacion_actual_id) values(pedido_seq.nextval,'5H45XTLF21WPT',to_date('30/10/2021','dd/mm/yyyy'),to_date('26/02/2020','dd/mm/yyyy'),1062.5,11,1,null);
insert into pedido(pedido_id, folio, fecha_pedido,fecha_status,importe,cliente_id,status_pedido_id,ubicacion_actual_id) values(pedido_seq.nextval,'45WLINQEXPEQS',to_date('19/09/2021','dd/mm/yyyy'),to_date('01/09/2021','dd/mm/yyyy'),2851.53,4,1,null);
insert into pedido(pedido_id, folio, fecha_pedido,fecha_status,importe,cliente_id,status_pedido_id,ubicacion_actual_id) values(pedido_seq.nextval,'IVLEV8YXW06VW',to_date('19/05/2020','dd/mm/yyyy'),to_date('18/10/2021','dd/mm/yyyy'),4054.47,1,3,null);
insert into pedido(pedido_id, folio, fecha_pedido,fecha_status,importe,cliente_id,status_pedido_id,ubicacion_actual_id) values(pedido_seq.nextval,'LKO0CC14B3BI2',to_date('09/12/2021','dd/mm/yyyy'),to_date('21/06/2021','dd/mm/yyyy'),831.45,8,2,6);
insert into pedido(pedido_id, folio, fecha_pedido,fecha_status,importe,cliente_id,status_pedido_id,ubicacion_actual_id) values(pedido_seq.nextval,'3FEYF72D2Y7NE',to_date('26/05/2020','dd/mm/yyyy'),to_date('18/08/2020','dd/mm/yyyy'),1090.28,8,4,null);
insert into pedido(pedido_id, folio, fecha_pedido,fecha_status,importe,cliente_id,status_pedido_id,ubicacion_actual_id) values(pedido_seq.nextval,'O6EVA4ZH5KYNI',to_date('13/01/2021','dd/mm/yyyy'),to_date('25/06/2021','dd/mm/yyyy'),2322.95,7,2,10);
insert into pedido(pedido_id, folio, fecha_pedido,fecha_status,importe,cliente_id,status_pedido_id,ubicacion_actual_id) values(pedido_seq.nextval,'69VBPF4PF8EUL',to_date('14/10/2020','dd/mm/yyyy'),to_date('14/10/2020','dd/mm/yyyy'),1903.93,8,1,null);
insert into pedido(pedido_id, folio, fecha_pedido,fecha_status,importe,cliente_id,status_pedido_id,ubicacion_actual_id) values(pedido_seq.nextval,'XLLU5804NXX7W',to_date('06/07/2021','dd/mm/yyyy'),to_date('03/04/2021','dd/mm/yyyy'),3947.34,10,1,null);

--PEDIDO_MEDICAMENTO
PROMPT CREANDO PEDIDO_MEDICAMENTO

insert into pedido_medicamento(pedido_medicamento_id, clave_centro_operaciones,numero_unidades,pedido_id,medicamento_presentacion_id) values(pedido_medicamento_seq.nextval,'ISX4YK',17,1,41);
insert into pedido_medicamento(pedido_medicamento_id, clave_centro_operaciones,numero_unidades,pedido_id,medicamento_presentacion_id) values(pedido_medicamento_seq.nextval,'1NAW50',10,31,96);
insert into pedido_medicamento(pedido_medicamento_id, clave_centro_operaciones,numero_unidades,pedido_id,medicamento_presentacion_id) values(pedido_medicamento_seq.nextval,'MOCQFA',15,28,101);
insert into pedido_medicamento(pedido_medicamento_id, clave_centro_operaciones,numero_unidades,pedido_id,medicamento_presentacion_id) values(pedido_medicamento_seq.nextval,'WW2169',4,38,156);
insert into pedido_medicamento(pedido_medicamento_id, clave_centro_operaciones,numero_unidades,pedido_id,medicamento_presentacion_id) values(pedido_medicamento_seq.nextval,'ICPSU7',8,42,71);
insert into pedido_medicamento(pedido_medicamento_id, clave_centro_operaciones,numero_unidades,pedido_id,medicamento_presentacion_id) values(pedido_medicamento_seq.nextval,'IXS8YC',17,14,53);
insert into pedido_medicamento(pedido_medicamento_id, clave_centro_operaciones,numero_unidades,pedido_id,medicamento_presentacion_id) values(pedido_medicamento_seq.nextval,'8X4J39',11,46,41);
insert into pedido_medicamento(pedido_medicamento_id, clave_centro_operaciones,numero_unidades,pedido_id,medicamento_presentacion_id) values(pedido_medicamento_seq.nextval,'HMP2CI',3,48,7);
insert into pedido_medicamento(pedido_medicamento_id, clave_centro_operaciones,numero_unidades,pedido_id,medicamento_presentacion_id) values(pedido_medicamento_seq.nextval,'TBNKRA',11,34,3);
insert into pedido_medicamento(pedido_medicamento_id, clave_centro_operaciones,numero_unidades,pedido_id,medicamento_presentacion_id) values(pedido_medicamento_seq.nextval,'X92Q8Q',16,45,139);
insert into pedido_medicamento(pedido_medicamento_id, clave_centro_operaciones,numero_unidades,pedido_id,medicamento_presentacion_id) values(pedido_medicamento_seq.nextval,'SSI6YL',18,8,9);
insert into pedido_medicamento(pedido_medicamento_id, clave_centro_operaciones,numero_unidades,pedido_id,medicamento_presentacion_id) values(pedido_medicamento_seq.nextval,'OQDDLX',20,5,108);
insert into pedido_medicamento(pedido_medicamento_id, clave_centro_operaciones,numero_unidades,pedido_id,medicamento_presentacion_id) values(pedido_medicamento_seq.nextval,'3CFT32',15,45,82);
insert into pedido_medicamento(pedido_medicamento_id, clave_centro_operaciones,numero_unidades,pedido_id,medicamento_presentacion_id) values(pedido_medicamento_seq.nextval,'3YURG8',13,27,109);
insert into pedido_medicamento(pedido_medicamento_id, clave_centro_operaciones,numero_unidades,pedido_id,medicamento_presentacion_id) values(pedido_medicamento_seq.nextval,'XFVDO5',15,42,167);
insert into pedido_medicamento(pedido_medicamento_id, clave_centro_operaciones,numero_unidades,pedido_id,medicamento_presentacion_id) values(pedido_medicamento_seq.nextval,'ISX4YK',18,10,126);
insert into pedido_medicamento(pedido_medicamento_id, clave_centro_operaciones,numero_unidades,pedido_id,medicamento_presentacion_id) values(pedido_medicamento_seq.nextval,'1NAW50',2,27,22);
insert into pedido_medicamento(pedido_medicamento_id, clave_centro_operaciones,numero_unidades,pedido_id,medicamento_presentacion_id) values(pedido_medicamento_seq.nextval,'MOCQFA',9,6,146);
insert into pedido_medicamento(pedido_medicamento_id, clave_centro_operaciones,numero_unidades,pedido_id,medicamento_presentacion_id) values(pedido_medicamento_seq.nextval,'WW2169',8,14,54);
insert into pedido_medicamento(pedido_medicamento_id, clave_centro_operaciones,numero_unidades,pedido_id,medicamento_presentacion_id) values(pedido_medicamento_seq.nextval,'ICPSU7',11,27,147);
insert into pedido_medicamento(pedido_medicamento_id, clave_centro_operaciones,numero_unidades,pedido_id,medicamento_presentacion_id) values(pedido_medicamento_seq.nextval,'IXS8YC',2,27,152);
insert into pedido_medicamento(pedido_medicamento_id, clave_centro_operaciones,numero_unidades,pedido_id,medicamento_presentacion_id) values(pedido_medicamento_seq.nextval,'8X4J39',2,48,155);
insert into pedido_medicamento(pedido_medicamento_id, clave_centro_operaciones,numero_unidades,pedido_id,medicamento_presentacion_id) values(pedido_medicamento_seq.nextval,'HMP2CI',18,7,113);
insert into pedido_medicamento(pedido_medicamento_id, clave_centro_operaciones,numero_unidades,pedido_id,medicamento_presentacion_id) values(pedido_medicamento_seq.nextval,'TBNKRA',3,31,175);
insert into pedido_medicamento(pedido_medicamento_id, clave_centro_operaciones,numero_unidades,pedido_id,medicamento_presentacion_id) values(pedido_medicamento_seq.nextval,'X92Q8Q',14,46,40);
insert into pedido_medicamento(pedido_medicamento_id, clave_centro_operaciones,numero_unidades,pedido_id,medicamento_presentacion_id) values(pedido_medicamento_seq.nextval,'SSI6YL',7,42,181);
insert into pedido_medicamento(pedido_medicamento_id, clave_centro_operaciones,numero_unidades,pedido_id,medicamento_presentacion_id) values(pedido_medicamento_seq.nextval,'OQDDLX',10,14,25);
insert into pedido_medicamento(pedido_medicamento_id, clave_centro_operaciones,numero_unidades,pedido_id,medicamento_presentacion_id) values(pedido_medicamento_seq.nextval,'3CFT32',1,14,52);
insert into pedido_medicamento(pedido_medicamento_id, clave_centro_operaciones,numero_unidades,pedido_id,medicamento_presentacion_id) values(pedido_medicamento_seq.nextval,'ISX4YK',13,47,75);
insert into pedido_medicamento(pedido_medicamento_id, clave_centro_operaciones,numero_unidades,pedido_id,medicamento_presentacion_id) values(pedido_medicamento_seq.nextval,'ISX4YK',11,17,13);
insert into pedido_medicamento(pedido_medicamento_id, clave_centro_operaciones,numero_unidades,pedido_id,medicamento_presentacion_id) values(pedido_medicamento_seq.nextval,'1NAW50',15,41,121);
insert into pedido_medicamento(pedido_medicamento_id, clave_centro_operaciones,numero_unidades,pedido_id,medicamento_presentacion_id) values(pedido_medicamento_seq.nextval,'MOCQFA',19,20,127);
insert into pedido_medicamento(pedido_medicamento_id, clave_centro_operaciones,numero_unidades,pedido_id,medicamento_presentacion_id) values(pedido_medicamento_seq.nextval,'WW2169',19,38,96);
insert into pedido_medicamento(pedido_medicamento_id, clave_centro_operaciones,numero_unidades,pedido_id,medicamento_presentacion_id) values(pedido_medicamento_seq.nextval,'ICPSU7',1,39,27);
insert into pedido_medicamento(pedido_medicamento_id, clave_centro_operaciones,numero_unidades,pedido_id,medicamento_presentacion_id) values(pedido_medicamento_seq.nextval,'IXS8YC',10,27,62);
insert into pedido_medicamento(pedido_medicamento_id, clave_centro_operaciones,numero_unidades,pedido_id,medicamento_presentacion_id) values(pedido_medicamento_seq.nextval,'8X4J39',4,13,28);
insert into pedido_medicamento(pedido_medicamento_id, clave_centro_operaciones,numero_unidades,pedido_id,medicamento_presentacion_id) values(pedido_medicamento_seq.nextval,'HMP2CI',17,7,168);
insert into pedido_medicamento(pedido_medicamento_id, clave_centro_operaciones,numero_unidades,pedido_id,medicamento_presentacion_id) values(pedido_medicamento_seq.nextval,'TBNKRA',5,38,163);
insert into pedido_medicamento(pedido_medicamento_id, clave_centro_operaciones,numero_unidades,pedido_id,medicamento_presentacion_id) values(pedido_medicamento_seq.nextval,'X92Q8Q',11,31,96);
insert into pedido_medicamento(pedido_medicamento_id, clave_centro_operaciones,numero_unidades,pedido_id,medicamento_presentacion_id) values(pedido_medicamento_seq.nextval,'SSI6YL',14,11,127);
insert into pedido_medicamento(pedido_medicamento_id, clave_centro_operaciones,numero_unidades,pedido_id,medicamento_presentacion_id) values(pedido_medicamento_seq.nextval,'OQDDLX',5,50,159);
insert into pedido_medicamento(pedido_medicamento_id, clave_centro_operaciones,numero_unidades,pedido_id,medicamento_presentacion_id) values(pedido_medicamento_seq.nextval,'3CFT32',4,48,27);
insert into pedido_medicamento(pedido_medicamento_id, clave_centro_operaciones,numero_unidades,pedido_id,medicamento_presentacion_id) values(pedido_medicamento_seq.nextval,'3YURG8',7,26,25);
insert into pedido_medicamento(pedido_medicamento_id, clave_centro_operaciones,numero_unidades,pedido_id,medicamento_presentacion_id) values(pedido_medicamento_seq.nextval,'XFVDO5',2,3,25);
insert into pedido_medicamento(pedido_medicamento_id, clave_centro_operaciones,numero_unidades,pedido_id,medicamento_presentacion_id) values(pedido_medicamento_seq.nextval,'XFVDO5',2,45,176);
insert into pedido_medicamento(pedido_medicamento_id, clave_centro_operaciones,numero_unidades,pedido_id,medicamento_presentacion_id) values(pedido_medicamento_seq.nextval,'ISX4YK',9,6,36);
insert into pedido_medicamento(pedido_medicamento_id, clave_centro_operaciones,numero_unidades,pedido_id,medicamento_presentacion_id) values(pedido_medicamento_seq.nextval,'1NAW50',13,42,178);
insert into pedido_medicamento(pedido_medicamento_id, clave_centro_operaciones,numero_unidades,pedido_id,medicamento_presentacion_id) values(pedido_medicamento_seq.nextval,'MOCQFA',1,24,176);
insert into pedido_medicamento(pedido_medicamento_id, clave_centro_operaciones,numero_unidades,pedido_id,medicamento_presentacion_id) values(pedido_medicamento_seq.nextval,'WW2169',14,7,163);
insert into pedido_medicamento(pedido_medicamento_id, clave_centro_operaciones,numero_unidades,pedido_id,medicamento_presentacion_id) values(pedido_medicamento_seq.nextval,'ICPSU7',14,44,18);
insert into pedido_medicamento(pedido_medicamento_id, clave_centro_operaciones,numero_unidades,pedido_id,medicamento_presentacion_id) values(pedido_medicamento_seq.nextval,'IXS8YC',14,35,75);
insert into pedido_medicamento(pedido_medicamento_id, clave_centro_operaciones,numero_unidades,pedido_id,medicamento_presentacion_id) values(pedido_medicamento_seq.nextval,'ISX4YK',16,39,69);
insert into pedido_medicamento(pedido_medicamento_id, clave_centro_operaciones,numero_unidades,pedido_id,medicamento_presentacion_id) values(pedido_medicamento_seq.nextval,'1NAW50',7,16,122);
insert into pedido_medicamento(pedido_medicamento_id, clave_centro_operaciones,numero_unidades,pedido_id,medicamento_presentacion_id) values(pedido_medicamento_seq.nextval,'MOCQFA',15,46,134);
insert into pedido_medicamento(pedido_medicamento_id, clave_centro_operaciones,numero_unidades,pedido_id,medicamento_presentacion_id) values(pedido_medicamento_seq.nextval,'WW2169',5,35,100);
insert into pedido_medicamento(pedido_medicamento_id, clave_centro_operaciones,numero_unidades,pedido_id,medicamento_presentacion_id) values(pedido_medicamento_seq.nextval,'ICPSU7',19,13,11);
insert into pedido_medicamento(pedido_medicamento_id, clave_centro_operaciones,numero_unidades,pedido_id,medicamento_presentacion_id) values(pedido_medicamento_seq.nextval,'IXS8YC',10,1,166);
insert into pedido_medicamento(pedido_medicamento_id, clave_centro_operaciones,numero_unidades,pedido_id,medicamento_presentacion_id) values(pedido_medicamento_seq.nextval,'8X4J39',10,39,22);
insert into pedido_medicamento(pedido_medicamento_id, clave_centro_operaciones,numero_unidades,pedido_id,medicamento_presentacion_id) values(pedido_medicamento_seq.nextval,'HMP2CI',1,13,92);
insert into pedido_medicamento(pedido_medicamento_id, clave_centro_operaciones,numero_unidades,pedido_id,medicamento_presentacion_id) values(pedido_medicamento_seq.nextval,'TBNKRA',5,3,15);
insert into pedido_medicamento(pedido_medicamento_id, clave_centro_operaciones,numero_unidades,pedido_id,medicamento_presentacion_id) values(pedido_medicamento_seq.nextval,'X92Q8Q',8,9,154);
insert into pedido_medicamento(pedido_medicamento_id, clave_centro_operaciones,numero_unidades,pedido_id,medicamento_presentacion_id) values(pedido_medicamento_seq.nextval,'SSI6YL',8,44,56);
insert into pedido_medicamento(pedido_medicamento_id, clave_centro_operaciones,numero_unidades,pedido_id,medicamento_presentacion_id) values(pedido_medicamento_seq.nextval,'OQDDLX',5,14,96);
insert into pedido_medicamento(pedido_medicamento_id, clave_centro_operaciones,numero_unidades,pedido_id,medicamento_presentacion_id) values(pedido_medicamento_seq.nextval,'3CFT32',1,15,54);
insert into pedido_medicamento(pedido_medicamento_id, clave_centro_operaciones,numero_unidades,pedido_id,medicamento_presentacion_id) values(pedido_medicamento_seq.nextval,'3YURG8',2,27,97);
insert into pedido_medicamento(pedido_medicamento_id, clave_centro_operaciones,numero_unidades,pedido_id,medicamento_presentacion_id) values(pedido_medicamento_seq.nextval,'XFVDO5',6,46,120);
insert into pedido_medicamento(pedido_medicamento_id, clave_centro_operaciones,numero_unidades,pedido_id,medicamento_presentacion_id) values(pedido_medicamento_seq.nextval,'ISX4YK',15,49,36);
insert into pedido_medicamento(pedido_medicamento_id, clave_centro_operaciones,numero_unidades,pedido_id,medicamento_presentacion_id) values(pedido_medicamento_seq.nextval,'1NAW50',6,16,130);
insert into pedido_medicamento(pedido_medicamento_id, clave_centro_operaciones,numero_unidades,pedido_id,medicamento_presentacion_id) values(pedido_medicamento_seq.nextval,'MOCQFA',9,8,162);
insert into pedido_medicamento(pedido_medicamento_id, clave_centro_operaciones,numero_unidades,pedido_id,medicamento_presentacion_id) values(pedido_medicamento_seq.nextval,'WW2169',3,46,35);
insert into pedido_medicamento(pedido_medicamento_id, clave_centro_operaciones,numero_unidades,pedido_id,medicamento_presentacion_id) values(pedido_medicamento_seq.nextval,'ICPSU7',16,25,38);
insert into pedido_medicamento(pedido_medicamento_id, clave_centro_operaciones,numero_unidades,pedido_id,medicamento_presentacion_id) values(pedido_medicamento_seq.nextval,'IXS8YC',5,8,64);
insert into pedido_medicamento(pedido_medicamento_id, clave_centro_operaciones,numero_unidades,pedido_id,medicamento_presentacion_id) values(pedido_medicamento_seq.nextval,'8X4J39',9,32,133);
insert into pedido_medicamento(pedido_medicamento_id, clave_centro_operaciones,numero_unidades,pedido_id,medicamento_presentacion_id) values(pedido_medicamento_seq.nextval,'HMP2CI',2,40,59);
insert into pedido_medicamento(pedido_medicamento_id, clave_centro_operaciones,numero_unidades,pedido_id,medicamento_presentacion_id) values(pedido_medicamento_seq.nextval,'TBNKRA',14,20,128);
insert into pedido_medicamento(pedido_medicamento_id, clave_centro_operaciones,numero_unidades,pedido_id,medicamento_presentacion_id) values(pedido_medicamento_seq.nextval,'ISX4YK',19,28,130);
insert into pedido_medicamento(pedido_medicamento_id, clave_centro_operaciones,numero_unidades,pedido_id,medicamento_presentacion_id) values(pedido_medicamento_seq.nextval,'1NAW50',17,37,92);
insert into pedido_medicamento(pedido_medicamento_id, clave_centro_operaciones,numero_unidades,pedido_id,medicamento_presentacion_id) values(pedido_medicamento_seq.nextval,'MOCQFA',12,4,150);
insert into pedido_medicamento(pedido_medicamento_id, clave_centro_operaciones,numero_unidades,pedido_id,medicamento_presentacion_id) values(pedido_medicamento_seq.nextval,'WW2169',20,35,47);
insert into pedido_medicamento(pedido_medicamento_id, clave_centro_operaciones,numero_unidades,pedido_id,medicamento_presentacion_id) values(pedido_medicamento_seq.nextval,'ICPSU7',12,20,166);
insert into pedido_medicamento(pedido_medicamento_id, clave_centro_operaciones,numero_unidades,pedido_id,medicamento_presentacion_id) values(pedido_medicamento_seq.nextval,'IXS8YC',19,23,119);
insert into pedido_medicamento(pedido_medicamento_id, clave_centro_operaciones,numero_unidades,pedido_id,medicamento_presentacion_id) values(pedido_medicamento_seq.nextval,'8X4J39',19,20,197);
insert into pedido_medicamento(pedido_medicamento_id, clave_centro_operaciones,numero_unidades,pedido_id,medicamento_presentacion_id) values(pedido_medicamento_seq.nextval,'HMP2CI',13,13,174);
insert into pedido_medicamento(pedido_medicamento_id, clave_centro_operaciones,numero_unidades,pedido_id,medicamento_presentacion_id) values(pedido_medicamento_seq.nextval,'TBNKRA',14,17,72);
insert into pedido_medicamento(pedido_medicamento_id, clave_centro_operaciones,numero_unidades,pedido_id,medicamento_presentacion_id) values(pedido_medicamento_seq.nextval,'X92Q8Q',3,25,113);
insert into pedido_medicamento(pedido_medicamento_id, clave_centro_operaciones,numero_unidades,pedido_id,medicamento_presentacion_id) values(pedido_medicamento_seq.nextval,'SSI6YL',10,11,41);
insert into pedido_medicamento(pedido_medicamento_id, clave_centro_operaciones,numero_unidades,pedido_id,medicamento_presentacion_id) values(pedido_medicamento_seq.nextval,'OQDDLX',1,5,110);
insert into pedido_medicamento(pedido_medicamento_id, clave_centro_operaciones,numero_unidades,pedido_id,medicamento_presentacion_id) values(pedido_medicamento_seq.nextval,'3CFT32',5,17,157);
insert into pedido_medicamento(pedido_medicamento_id, clave_centro_operaciones,numero_unidades,pedido_id,medicamento_presentacion_id) values(pedido_medicamento_seq.nextval,'3YURG8',9,7,24);
insert into pedido_medicamento(pedido_medicamento_id, clave_centro_operaciones,numero_unidades,pedido_id,medicamento_presentacion_id) values(pedido_medicamento_seq.nextval,'XFVDO5',17,16,50);
insert into pedido_medicamento(pedido_medicamento_id, clave_centro_operaciones,numero_unidades,pedido_id,medicamento_presentacion_id) values(pedido_medicamento_seq.nextval,'8X4J39',8,11,10);
insert into pedido_medicamento(pedido_medicamento_id, clave_centro_operaciones,numero_unidades,pedido_id,medicamento_presentacion_id) values(pedido_medicamento_seq.nextval,'HMP2CI',2,46,105);
insert into pedido_medicamento(pedido_medicamento_id, clave_centro_operaciones,numero_unidades,pedido_id,medicamento_presentacion_id) values(pedido_medicamento_seq.nextval,'TBNKRA',1,48,18);
insert into pedido_medicamento(pedido_medicamento_id, clave_centro_operaciones,numero_unidades,pedido_id,medicamento_presentacion_id) values(pedido_medicamento_seq.nextval,'X92Q8Q',5,39,59);
insert into pedido_medicamento(pedido_medicamento_id, clave_centro_operaciones,numero_unidades,pedido_id,medicamento_presentacion_id) values(pedido_medicamento_seq.nextval,'SSI6YL',5,13,184);
insert into pedido_medicamento(pedido_medicamento_id, clave_centro_operaciones,numero_unidades,pedido_id,medicamento_presentacion_id) values(pedido_medicamento_seq.nextval,'8X4J39',7,18,174);
insert into pedido_medicamento(pedido_medicamento_id, clave_centro_operaciones,numero_unidades,pedido_id,medicamento_presentacion_id) values(pedido_medicamento_seq.nextval,'HMP2CI',5,8,149);
insert into pedido_medicamento(pedido_medicamento_id, clave_centro_operaciones,numero_unidades,pedido_id,medicamento_presentacion_id) values(pedido_medicamento_seq.nextval,'TBNKRA',15,36,26);
insert into pedido_medicamento(pedido_medicamento_id, clave_centro_operaciones,numero_unidades,pedido_id,medicamento_presentacion_id) values(pedido_medicamento_seq.nextval,'X92Q8Q',1,47,54);
insert into pedido_medicamento(pedido_medicamento_id, clave_centro_operaciones,numero_unidades,pedido_id,medicamento_presentacion_id) values(pedido_medicamento_seq.nextval,'SSI6YL',4,49,195 );


insert into historico_ubicacion_pedido_paquete(historico_ubicacion_pedido_paquete_id, fecha, ubicacion_actual_id, pedido_id) values(historico_ubicacion_pedido_seq.nextval, to_date('04/07/2021','dd/mm/yyyy'),1,1);
insert into historico_ubicacion_pedido_paquete(historico_ubicacion_pedido_paquete_id, fecha, ubicacion_actual_id, pedido_id) values(historico_ubicacion_pedido_seq.nextval, to_date('15/07/2020','dd/mm/yyyy'),1,2);
insert into historico_ubicacion_pedido_paquete(historico_ubicacion_pedido_paquete_id, fecha, ubicacion_actual_id, pedido_id) values(historico_ubicacion_pedido_seq.nextval, to_date('15/06/2021','dd/mm/yyyy'),1,3);
insert into historico_ubicacion_pedido_paquete(historico_ubicacion_pedido_paquete_id, fecha, ubicacion_actual_id, pedido_id) values(historico_ubicacion_pedido_seq.nextval, to_date('03/12/2020','dd/mm/yyyy'),1,4);
insert into historico_ubicacion_pedido_paquete(historico_ubicacion_pedido_paquete_id, fecha, ubicacion_actual_id, pedido_id) values(historico_ubicacion_pedido_seq.nextval, to_date('09/01/2021','dd/mm/yyyy'),1,5);
insert into historico_ubicacion_pedido_paquete(historico_ubicacion_pedido_paquete_id, fecha, ubicacion_actual_id, pedido_id) values(historico_ubicacion_pedido_seq.nextval, to_date('13/11/2020','dd/mm/yyyy'),1,6);
insert into historico_ubicacion_pedido_paquete(historico_ubicacion_pedido_paquete_id, fecha, ubicacion_actual_id, pedido_id) values(historico_ubicacion_pedido_seq.nextval, to_date('15/05/2020','dd/mm/yyyy'),1,7);
insert into historico_ubicacion_pedido_paquete(historico_ubicacion_pedido_paquete_id, fecha, ubicacion_actual_id, pedido_id) values(historico_ubicacion_pedido_seq.nextval, to_date('03/02/2020','dd/mm/yyyy'),1,8);
insert into historico_ubicacion_pedido_paquete(historico_ubicacion_pedido_paquete_id, fecha, ubicacion_actual_id, pedido_id) values(historico_ubicacion_pedido_seq.nextval, to_date('09/06/2020','dd/mm/yyyy'),1,9);
insert into historico_ubicacion_pedido_paquete(historico_ubicacion_pedido_paquete_id, fecha, ubicacion_actual_id, pedido_id) values(historico_ubicacion_pedido_seq.nextval, to_date('14/04/2021','dd/mm/yyyy'),1,10);
insert into historico_ubicacion_pedido_paquete(historico_ubicacion_pedido_paquete_id, fecha, ubicacion_actual_id, pedido_id) values(historico_ubicacion_pedido_seq.nextval, to_date('26/10/2021','dd/mm/yyyy'),2,3);
insert into historico_ubicacion_pedido_paquete(historico_ubicacion_pedido_paquete_id, fecha, ubicacion_actual_id, pedido_id) values(historico_ubicacion_pedido_seq.nextval, to_date('02/03/2021','dd/mm/yyyy'),2,56);
insert into historico_ubicacion_pedido_paquete(historico_ubicacion_pedido_paquete_id, fecha, ubicacion_actual_id, pedido_id) values(historico_ubicacion_pedido_seq.nextval, to_date('12/08/2021','dd/mm/yyyy'),2,70);
insert into historico_ubicacion_pedido_paquete(historico_ubicacion_pedido_paquete_id, fecha, ubicacion_actual_id, pedido_id) values(historico_ubicacion_pedido_seq.nextval, to_date('08/09/2021','dd/mm/yyyy'),2,89);
insert into historico_ubicacion_pedido_paquete(historico_ubicacion_pedido_paquete_id, fecha, ubicacion_actual_id, pedido_id) values(historico_ubicacion_pedido_seq.nextval, to_date('11/09/2020','dd/mm/yyyy'),2,56);
insert into historico_ubicacion_pedido_paquete(historico_ubicacion_pedido_paquete_id, fecha, ubicacion_actual_id, pedido_id) values(historico_ubicacion_pedido_seq.nextval, to_date('31/10/2020','dd/mm/yyyy'),2,77);
insert into historico_ubicacion_pedido_paquete(historico_ubicacion_pedido_paquete_id, fecha, ubicacion_actual_id, pedido_id) values(historico_ubicacion_pedido_seq.nextval, to_date('12/02/2020','dd/mm/yyyy'),2,99);
insert into historico_ubicacion_pedido_paquete(historico_ubicacion_pedido_paquete_id, fecha, ubicacion_actual_id, pedido_id) values(historico_ubicacion_pedido_seq.nextval, to_date('24/11/2021','dd/mm/yyyy'),2,102);
insert into historico_ubicacion_pedido_paquete(historico_ubicacion_pedido_paquete_id, fecha, ubicacion_actual_id, pedido_id) values(historico_ubicacion_pedido_seq.nextval, to_date('06/03/2020','dd/mm/yyyy'),2,110);
insert into historico_ubicacion_pedido_paquete(historico_ubicacion_pedido_paquete_id, fecha, ubicacion_actual_id, pedido_id) values(historico_ubicacion_pedido_seq.nextval, to_date('19/03/2020','dd/mm/yyyy'),2,150);
insert into historico_ubicacion_pedido_paquete(historico_ubicacion_pedido_paquete_id, fecha, ubicacion_actual_id, pedido_id) values(historico_ubicacion_pedido_seq.nextval, to_date('27/12/2020','dd/mm/yyyy'),2,76);
insert into historico_ubicacion_pedido_paquete(historico_ubicacion_pedido_paquete_id, fecha, ubicacion_actual_id, pedido_id) values(historico_ubicacion_pedido_seq.nextval, to_date('01/11/2021','dd/mm/yyyy'),2,24);
insert into historico_ubicacion_pedido_paquete(historico_ubicacion_pedido_paquete_id, fecha, ubicacion_actual_id, pedido_id) values(historico_ubicacion_pedido_seq.nextval, to_date('25/04/2020','dd/mm/yyyy'),2,80);
insert into historico_ubicacion_pedido_paquete(historico_ubicacion_pedido_paquete_id, fecha, ubicacion_actual_id, pedido_id) values(historico_ubicacion_pedido_seq.nextval, to_date('10/03/2020','dd/mm/yyyy'),2,99);
insert into historico_ubicacion_pedido_paquete(historico_ubicacion_pedido_paquete_id, fecha, ubicacion_actual_id, pedido_id) values(historico_ubicacion_pedido_seq.nextval, to_date('20/10/2020','dd/mm/yyyy'),2,230);
insert into historico_ubicacion_pedido_paquete(historico_ubicacion_pedido_paquete_id, fecha, ubicacion_actual_id, pedido_id) values(historico_ubicacion_pedido_seq.nextval, to_date('04/02/2020','dd/mm/yyyy'),2,3);
insert into historico_ubicacion_pedido_paquete(historico_ubicacion_pedido_paquete_id, fecha, ubicacion_actual_id, pedido_id) values(historico_ubicacion_pedido_seq.nextval, to_date('12/07/2020','dd/mm/yyyy'),11,4);
insert into historico_ubicacion_pedido_paquete(historico_ubicacion_pedido_paquete_id, fecha, ubicacion_actual_id, pedido_id) values(historico_ubicacion_pedido_seq.nextval, to_date('06/04/2020','dd/mm/yyyy'),11,5);
insert into historico_ubicacion_pedido_paquete(historico_ubicacion_pedido_paquete_id, fecha, ubicacion_actual_id, pedido_id) values(historico_ubicacion_pedido_seq.nextval, to_date('03/08/2021','dd/mm/yyyy'),11,7);
insert into historico_ubicacion_pedido_paquete(historico_ubicacion_pedido_paquete_id, fecha, ubicacion_actual_id, pedido_id) values(historico_ubicacion_pedido_seq.nextval, to_date('06/10/2021','dd/mm/yyyy'),11,97);
insert into historico_ubicacion_pedido_paquete(historico_ubicacion_pedido_paquete_id, fecha, ubicacion_actual_id, pedido_id) values(historico_ubicacion_pedido_seq.nextval, to_date('28/03/2020','dd/mm/yyyy'),11,12);
insert into historico_ubicacion_pedido_paquete(historico_ubicacion_pedido_paquete_id, fecha, ubicacion_actual_id, pedido_id) values(historico_ubicacion_pedido_seq.nextval, to_date('06/12/2020','dd/mm/yyyy'),11,14);
insert into historico_ubicacion_pedido_paquete(historico_ubicacion_pedido_paquete_id, fecha, ubicacion_actual_id, pedido_id) values(historico_ubicacion_pedido_seq.nextval, to_date('06/02/2021','dd/mm/yyyy'),11,22);
insert into historico_ubicacion_pedido_paquete(historico_ubicacion_pedido_paquete_id, fecha, ubicacion_actual_id, pedido_id) values(historico_ubicacion_pedido_seq.nextval, to_date('28/02/2020','dd/mm/yyyy'),40,2);
insert into historico_ubicacion_pedido_paquete(historico_ubicacion_pedido_paquete_id, fecha, ubicacion_actual_id, pedido_id) values(historico_ubicacion_pedido_seq.nextval, to_date('30/08/2020','dd/mm/yyyy'),40,2);
insert into historico_ubicacion_pedido_paquete(historico_ubicacion_pedido_paquete_id, fecha, ubicacion_actual_id, pedido_id) values(historico_ubicacion_pedido_seq.nextval, to_date('01/12/2021','dd/mm/yyyy'),40,2);
insert into historico_ubicacion_pedido_paquete(historico_ubicacion_pedido_paquete_id, fecha, ubicacion_actual_id, pedido_id) values(historico_ubicacion_pedido_seq.nextval, to_date('26/04/2021','dd/mm/yyyy'),40,2);
insert into historico_ubicacion_pedido_paquete(historico_ubicacion_pedido_paquete_id, fecha, ubicacion_actual_id, pedido_id) values(historico_ubicacion_pedido_seq.nextval, to_date('09/07/2020','dd/mm/yyyy'),40,2);


insert into historico_status_pedido(historico_status_pedido_id, fecha_status, pedido_id, status_pedido_id) values(historico_status_pedido_seq,to_date('03/06/2021','dd/mm/yy'),1,1);
insert into historico_status_pedido(historico_status_pedido_id, fecha_status, pedido_id, status_pedido_id) values(historico_status_pedido_seq,to_date('20/07/2021','dd/mm/yy'),1,2);
insert into historico_status_pedido(historico_status_pedido_id, fecha_status, pedido_id, status_pedido_id) values(historico_status_pedido_seq,to_date('22/07/2021','dd/mm/yy'),1,3);
insert into historico_status_pedido(historico_status_pedido_id, fecha_status, pedido_id, status_pedido_id) values(historico_status_pedido_seq,to_date('02/12/2021','dd/mm/yy'),1,4);
insert into historico_status_pedido(historico_status_pedido_id, fecha_status, pedido_id, status_pedido_id) values(historico_status_pedido_seq,to_date('02/06/2020','dd/mm/yy'),1,5);
insert into historico_status_pedido(historico_status_pedido_id, fecha_status, pedido_id, status_pedido_id) values(historico_status_pedido_seq,to_date('29/06/2020','dd/mm/yy'),2,1);
insert into historico_status_pedido(historico_status_pedido_id, fecha_status, pedido_id, status_pedido_id) values(historico_status_pedido_seq,to_date('25/05/2021','dd/mm/yy'),2,2);
insert into historico_status_pedido(historico_status_pedido_id, fecha_status, pedido_id, status_pedido_id) values(historico_status_pedido_seq,to_date('05/01/2022','dd/mm/yy'),2,3);
insert into historico_status_pedido(historico_status_pedido_id, fecha_status, pedido_id, status_pedido_id) values(historico_status_pedido_seq,to_date('18/11/2020','dd/mm/yy'),2,4);
insert into historico_status_pedido(historico_status_pedido_id, fecha_status, pedido_id, status_pedido_id) values(historico_status_pedido_seq,to_date('31/03/2020','dd/mm/yy'),2,5);
insert into historico_status_pedido(historico_status_pedido_id, fecha_status, pedido_id, status_pedido_id) values(historico_status_pedido_seq,to_date('12/05/2020','dd/mm/yy'),3,1);
insert into historico_status_pedido(historico_status_pedido_id, fecha_status, pedido_id, status_pedido_id) values(historico_status_pedido_seq,to_date('29/08/2020','dd/mm/yy'),3,2);
insert into historico_status_pedido(historico_status_pedido_id, fecha_status, pedido_id, status_pedido_id) values(historico_status_pedido_seq,to_date('17/08/2020','dd/mm/yy'),3,3);
insert into historico_status_pedido(historico_status_pedido_id, fecha_status, pedido_id, status_pedido_id) values(historico_status_pedido_seq,to_date('28/05/2021','dd/mm/yy'),3,4);
insert into historico_status_pedido(historico_status_pedido_id, fecha_status, pedido_id, status_pedido_id) values(historico_status_pedido_seq,to_date('31/07/2021','dd/mm/yy'),3,5);
insert into historico_status_pedido(historico_status_pedido_id, fecha_status, pedido_id, status_pedido_id) values(historico_status_pedido_seq,to_date('28/02/2020','dd/mm/yy'),4,1);
insert into historico_status_pedido(historico_status_pedido_id, fecha_status, pedido_id, status_pedido_id) values(historico_status_pedido_seq,to_date('25/12/2020','dd/mm/yy'),4,2);
insert into historico_status_pedido(historico_status_pedido_id, fecha_status, pedido_id, status_pedido_id) values(historico_status_pedido_seq,to_date('01/03/2021','dd/mm/yy'),4,3);
insert into historico_status_pedido(historico_status_pedido_id, fecha_status, pedido_id, status_pedido_id) values(historico_status_pedido_seq,to_date('27/02/2020','dd/mm/yy'),4,4);
insert into historico_status_pedido(historico_status_pedido_id, fecha_status, pedido_id, status_pedido_id) values(historico_status_pedido_seq,to_date('10/05/2020','dd/mm/yy'),4,5);
insert into historico_status_pedido(historico_status_pedido_id, fecha_status, pedido_id, status_pedido_id) values(historico_status_pedido_seq,to_date('10/03/2020','dd/mm/yy'),5,1);
insert into historico_status_pedido(historico_status_pedido_id, fecha_status, pedido_id, status_pedido_id) values(historico_status_pedido_seq,to_date('01/03/2020','dd/mm/yy'),5,2);
insert into historico_status_pedido(historico_status_pedido_id, fecha_status, pedido_id, status_pedido_id) values(historico_status_pedido_seq,to_date('17/06/2021','dd/mm/yy'),5,3);
insert into historico_status_pedido(historico_status_pedido_id, fecha_status, pedido_id, status_pedido_id) values(historico_status_pedido_seq,to_date('20/06/2020','dd/mm/yy'),5,4);
insert into historico_status_pedido(historico_status_pedido_id, fecha_status, pedido_id, status_pedido_id) values(historico_status_pedido_seq,to_date('04/08/2020','dd/mm/yy'),5,5);
insert into historico_status_pedido(historico_status_pedido_id, fecha_status, pedido_id, status_pedido_id) values(historico_status_pedido_seq,to_date('28/10/2021','dd/mm/yy'),6,1);